ID_ProtoPRED;SMILES_ProtoPRED;exp_ProtoPRED_logKp;pred_ProtoPRED_logKp;AD_ProtoPRED_logKp;in_TS_ProtoPRED_logKp;units_ProtoPRED_logKp;pred_ProtoPRED_logKp_converted;pred_ProtoPRED_logKp_convertedunits
0;BrC(Br)Br;-2.37;-2.09284;1;1;log(cm/h);-2.09284;logKp(cm/h)
1;C/C(Cl)=C/Cl;-;-1.86957;1;0;log(cm/h);-1.86957;logKp(cm/h)
2;C1COCCN1;-;-3.4593;1;0;log(cm/h);-3.4593;logKp(cm/h)
3;C1COCCO1;-;-3.5437;1;0;log(cm/h);-3.5437;logKp(cm/h)
4;C=C(C)C(=O)O;-;-2.809;1;0;log(cm/h);-2.809;logKp(cm/h)
5;C=C(CC)C(=O)c1ccc(OCC(=O)O)c(Cl)c1Cl;-;-2.75816;1;0;log(cm/h);-2.75816;logKp(cm/h)
6;C=CC#N;-2.87;-2.90649;1;1;log(cm/h);-2.90649;logKp(cm/h)
7;C=CC(=O)O;-;-2.99268;1;0;log(cm/h);-2.99268;logKp(cm/h)
8;C=CC(=O)OC;-;-2.84478;1;0;log(cm/h);-2.84478;logKp(cm/h)
9;C=CC(=O)OCC;-;-2.68729;1;0;log(cm/h);-2.68729;logKp(cm/h)
10;C=CC(=O)OCCCC;-2.0;-2.04646;1;1;log(cm/h);-2.04646;logKp(cm/h)
11;C=CC=O;-3.07;-2.96373;1;1;log(cm/h);-2.96373;logKp(cm/h)
12;C=CCO;-;-2.90134;1;0;log(cm/h);-2.90134;logKp(cm/h)
13;C=CCOc1ccccc1OCC(O)CNC(C)C;-;-3.22443;1;0;log(cm/h);-3.22443;logKp(cm/h)
14;C=CCc1ccccc1OCC(O)CNC(C)C;-;-3.44258;1;0;log(cm/h);-3.44258;logKp(cm/h)
15;C=COC(C)=O;-2.73;-2.76937;1;1;log(cm/h);-2.76937;logKp(cm/h)
16;C=Cc1ccccc1;-;-1.42357;1;0;log(cm/h);-1.42357;logKp(cm/h)
17;C=O;-2.65;-2.9177;1;1;log(cm/h);-2.9177;logKp(cm/h)
18;CC#N;-;-2.96613;1;0;log(cm/h);-2.96613;logKp(cm/h)
19;CC(=O)C(Cl)(Cl)Cl;-;-1.68519;1;0;log(cm/h);-1.68519;logKp(cm/h)
20;CC(=O)C(Cl)Cl;-;-2.1152;1;0;log(cm/h);-2.1152;logKp(cm/h)
21;CC(=O)N(C)C;-;-3.26984;1;0;log(cm/h);-3.26984;logKp(cm/h)
22;CC(=O)O;-3.21;-3.12161;1;1;log(cm/h);-3.12161;logKp(cm/h)
23;CC(=O)OCC(=O)[C@@]12OC(C)(C)O[C@@H]1C[C@H]1[C@@H]3C[C@H](F)C4=CC(=O)C=C[C@]4(C)[C@@]3(F)[C@@H](O)C[C@@]12C;-;-3.27554;1;0;log(cm/h);-3.27554;logKp(cm/h)
24;CC(=O)Oc1ccccc1C(=O)O;-;-2.45566;1;0;log(cm/h);-2.45566;logKp(cm/h)
25;CC(=O)[C@@]1(O)CC[C@H]2[C@@H]3CCC4=CC(=O)CC[C@]4(C)[C@H]3CC[C@@]21C;-;-3.29075;1;0;log(cm/h);-3.29075;logKp(cm/h)
26;CC(=O)[C@H]1CC[C@H]2[C@@H]3CC=C4CC(O)(O)CC[C@]4(C)[C@H]3CC[C@]12C;-;-2.85713;1;0;log(cm/h);-2.85713;logKp(cm/h)
27;CC(=O)[C@H]1CC[C@H]2[C@@H]3CC=C4C[C@@H](O)CC[C@]4(C)[C@H]3CC[C@]12C;-;-2.53417;1;0;log(cm/h);-2.53417;logKp(cm/h)
28;CC(C)(C)NC[C@H](O)COc1nsnc1N1CCOCC1;-;-4.00319;1;0;log(cm/h);-4.00319;logKp(cm/h)
29;CC(C)(C)c1ccccc1O;-;-1.26872;1;0;log(cm/h);-1.26872;logKp(cm/h)
30;CC(C)=O;-;-2.89657;1;0;log(cm/h);-2.89657;logKp(cm/h)
31;CC(C)CC(C)O;-;-2.24086;1;0;log(cm/h);-2.24086;logKp(cm/h)
32;CC(C)CCO;-;-2.57349;1;0;log(cm/h);-2.57349;logKp(cm/h)
33;CC(C)CO;-2.65;-2.71895;1;1;log(cm/h);-2.71895;logKp(cm/h)
34;CC(C)N;-2.9;-2.95761;1;1;log(cm/h);-2.95761;logKp(cm/h)
35;CC(C)NCC(O)COc1ccc(CC(N)=O)cc1;-;-3.71488;1;0;log(cm/h);-3.71488;logKp(cm/h)
36;CC(C)NCC(O)COc1ccc(CCOCC2CC2)cc1;-;-3.45944;1;0;log(cm/h);-3.45944;logKp(cm/h)
37;CC(C)NCC(O)COc1cccc2ccccc12;-;-3.52538;1;0;log(cm/h);-3.52538;logKp(cm/h)
38;CC(C)O;-3.05;-3.0058;1;1;log(cm/h);-3.0058;logKp(cm/h)
39;CC(C)OCCO;-3.36;-3.34422;1;1;log(cm/h);-3.34422;logKp(cm/h)
40;CC(C)c1ccccc1;-;-1.14303;1;0;log(cm/h);-1.14303;logKp(cm/h)
41;CC(CO)c1ccccc1;-;-1.76928;1;0;log(cm/h);-1.76928;logKp(cm/h)
42;CC(Cl)(Cl)Cl;-2.35;-2.02571;1;1;log(cm/h);-2.02571;logKp(cm/h)
43;CC(Cl)CCl;-2.0;-1.92427;1;1;log(cm/h);-1.92427;logKp(cm/h)
44;CC(N)Cc1ccccc1;-;-2.00278;1;0;log(cm/h);-2.00278;logKp(cm/h)
45;CC(O)COC(=O)c1cccnc1;-;-3.43674;1;0;log(cm/h);-3.43674;logKp(cm/h)
46;CC1(C)O[C@@H]2C[C@H]3[C@@H]4CCC5=CC(=O)C=C[C@]5(C)[C@@]4(F)[C@@H](O)C[C@]3(C)[C@]2(C(=O)CO)O1;-5.4;-4.92539;1;1;log(cm/h);-4.92539;logKp(cm/h)
47;CC1CO1;-3.05;-3.02628;1;1;log(cm/h);-3.02628;logKp(cm/h)
48;CC1OC(OC2CC(O)C3(CO)C4C(O)CC5(C)C(c6coc(O)c6)CCC5(O)C4CCC3(O)C2)C(O)C(O)C1O;-;-4.52526;1;0;log(cm/h);-4.52526;logKp(cm/h)
49;CC=O;-;-2.98962;1;0;log(cm/h);-2.98962;logKp(cm/h)
50;CCC(=O)N(c1ccccc1)C1(COC)CCN(CCc2cccs2)CC1;-;-2.82965;1;0;log(cm/h);-2.82965;logKp(cm/h)
51;CCC(=O)N(c1ccccc1)C1CCN(CCc2ccccc2)CC1;-2.25;-2.39973;1;1;log(cm/h);-2.39973;logKp(cm/h)
52;CCC(=O)O;-2.94;-2.96326;1;1;log(cm/h);-2.96326;logKp(cm/h)
53;CCC(=O)OCC(=O)[C@@]1(O)CC[C@H]2[C@@H]3CCC4=CC(=O)CC[C@]4(C)[C@H]3[C@@H](O)C[C@@]21C;-;-4.32884;1;0;log(cm/h);-4.32884;logKp(cm/h)
54;CCC(C)=O;-2.95;-2.86447;1;1;log(cm/h);-2.86447;logKp(cm/h)
55;CCC(C)C1(CC)C(=O)NC(=O)NC1=O;-;-2.8448;1;0;log(cm/h);-2.8448;logKp(cm/h)
56;CCC(CO)c1ccccc1;-;-1.77923;1;0;log(cm/h);-1.77923;logKp(cm/h)
57;CCC1(C2=CCCCC2)C(=O)NC(=O)NC1=O;-3.09;-2.81984;1;1;log(cm/h);-2.81984;logKp(cm/h)
58;CCC1(CC)C(=O)NC(=O)NC1=O;-;-3.02569;1;0;log(cm/h);-3.02569;logKp(cm/h)
59;CCC1(CCC(C)C)C(=O)NC(=O)NC1=O;-2.64;-2.6091;1;1;log(cm/h);-2.6091;logKp(cm/h)
60;CCC1(c2ccccc2)C(=O)NC(=O)NC1=O;-3.35;-3.19553;1;1;log(cm/h);-3.19553;logKp(cm/h)
61;CCCC(=O)O;-2.71;-2.75324;1;1;log(cm/h);-2.75324;logKp(cm/h)
62;CCCC(C)(O)c1ccccc1;-;-1.35258;1;0;log(cm/h);-1.35258;logKp(cm/h)
63;CCCC(C)=O;-;-2.40097;1;0;log(cm/h);-2.40097;logKp(cm/h)
64;CCCCC(=O)O;-2.7;-2.53132;1;1;log(cm/h);-2.53132;logKp(cm/h)
65;CCCCC(=O)O[C@]1(C(=O)CO)[C@@H](C)C[C@H]2[C@@H]3CCC4=CC(=O)C=C[C@]4(C)[C@@]3(F)[C@@H](O)C[C@@]21C;-;-3.97736;1;0;log(cm/h);-3.97736;logKp(cm/h)
66;CCCCC(C)(O)c1ccccc1;-;-1.23911;1;0;log(cm/h);-1.23911;logKp(cm/h)
67;CCCCC(C)=O;-2.35;-2.2328;1;1;log(cm/h);-2.2328;logKp(cm/h)
68;CCCCC(CC)COC(=O)c1ccccc1C(=O)OCC(CC)CCCC;-;-2.66684;1;0;log(cm/h);-2.66684;logKp(cm/h)
69;CCCCC1(CC)C(=O)NC(=O)NC1=O;-;-2.77341;1;0;log(cm/h);-2.77341;logKp(cm/h)
70;CCCCCC(=O)O;-;-1.88678;1;0;log(cm/h);-1.88678;logKp(cm/h)
71;CCCCCC(=O)OCC(=O)[C@@]1(O)CC[C@H]2[C@@H]3CCC4=CC(=O)CC[C@]4(C)[C@H]3[C@@H](O)C[C@@]21C;-;-4.09006;1;0;log(cm/h);-4.09006;logKp(cm/h)
72;CCCCCC(C)=O;-2.0;-2.05946;1;1;log(cm/h);-2.05946;logKp(cm/h)
73;CCCCCCC(=O)O;-1.7;-1.71864;1;1;log(cm/h);-1.71864;logKp(cm/h)
74;CCCCCCCC(=O)O;-1.55;-1.65191;1;1;log(cm/h);-1.65191;logKp(cm/h)
75;CCCCCCCC(=O)OCC(=O)[C@@]1(O)CC[C@H]2[C@@H]3CCC4=CC(=O)CC[C@]4(C)[C@H]3[C@@H](O)C[C@@]21C;-;-4.10104;1;0;log(cm/h);-4.10104;logKp(cm/h)
76;CCCCCCCCCCCCOS(=O)(=O)O;-;-2.28513;1;0;log(cm/h);-2.28513;logKp(cm/h)
77;CCCCCCCCCO;-1.12;-1.16429;1;1;log(cm/h);-1.16429;logKp(cm/h)
78;CCCCCCCCN1CCCC1=O;-;-2.39782;1;0;log(cm/h);-2.39782;logKp(cm/h)
79;CCCCCCCCO;-1.13;-1.40167;1;1;log(cm/h);-1.40167;logKp(cm/h)
80;CCCCCCCCOC(=O)c1ccc(O)cc1;-;-1.75602;1;0;log(cm/h);-1.75602;logKp(cm/h)
81;CCCCCCCO;-;-1.66774;1;0;log(cm/h);-1.66774;logKp(cm/h)
82;CCCCCCN1CCCC1=O;-;-2.50784;1;0;log(cm/h);-2.50784;logKp(cm/h)
83;CCCCCCO;-1.89;-1.86566;1;1;log(cm/h);-1.86566;logKp(cm/h)
84;CCCCCCOC(=O)c1cccnc1;-1.75;-1.73953;1;1;log(cm/h);-1.73953;logKp(cm/h)
85;CCCCCO;-2.22;-2.29276;1;1;log(cm/h);-2.29276;logKp(cm/h)
86;CCCCOC(=O)c1ccc(N)cc1;-;-1.79992;1;0;log(cm/h);-1.79992;logKp(cm/h)
87;CCCCOC(=O)c1ccc(O)cc1;-;-1.78201;1;0;log(cm/h);-1.78201;logKp(cm/h)
88;CCCCOC(=O)c1cccnc1;-1.78;-1.82644;1;1;log(cm/h);-1.82644;logKp(cm/h)
89;CCCCOCCO;-;-3.25113;1;0;log(cm/h);-3.25113;logKp(cm/h)
90;CCCCOCCOCCOC(C)=O;-3.49;-3.52842;1;1;log(cm/h);-3.52842;logKp(cm/h)
91;CCCCc1ccc(O)cc1;-;-1.32951;1;0;log(cm/h);-1.32951;logKp(cm/h)
92;CCCO;-2.91;-2.91992;1;1;log(cm/h);-2.91992;logKp(cm/h)
93;CCCOC(=O)c1ccc(N)cc1;-;-1.89555;1;0;log(cm/h);-1.89555;logKp(cm/h)
94;CCCOC(=O)c1ccc(O)cc1;-;-1.9219;1;0;log(cm/h);-1.9219;logKp(cm/h)
95;CCCOCCO;-;-3.39817;1;0;log(cm/h);-3.39817;logKp(cm/h)
96;CCCOc1ccc(O)cc1;-;-1.78626;1;0;log(cm/h);-1.78626;logKp(cm/h)
97;CCC[C@@](C)(O)[C@H]1C[C@@]23C=C[C@]1(OC)[C@@H]1Oc4c(O)ccc5c4[C@@]12CCN(C)[C@@H]3C5;-;-4.26136;1;0;log(cm/h);-4.26136;logKp(cm/h)
98;CCN;-3.09;-3.0408;1;1;log(cm/h);-3.0408;logKp(cm/h)
99;CCN(C)C;-;-3.31661;1;0;log(cm/h);-3.31661;logKp(cm/h)
100;CCN(CC)C(=O)N1CCN(C)CC1;-;-3.7849;1;0;log(cm/h);-3.7849;logKp(cm/h)
101;CCN(CC)CC;-;-3.13792;1;0;log(cm/h);-3.13792;logKp(cm/h)
102;CCN(CC)CC(=O)Nc1c(C)cccc1C;-;-2.74293;1;0;log(cm/h);-2.74293;logKp(cm/h)
103;CCNCC;-2.75;-2.8078;1;1;log(cm/h);-2.8078;logKp(cm/h)
104;CCO;-;-3.02244;1;0;log(cm/h);-3.02244;logKp(cm/h)
105;CCOC(=O)C1(c2ccccc2)CCN(C)CC1;-2.43;-2.66279;1;1;log(cm/h);-2.66279;logKp(cm/h)
106;CCOC(=O)c1ccc(N)cc1;-;-2.13444;1;0;log(cm/h);-2.13444;logKp(cm/h)
107;CCOC(=O)c1ccc(O)cc1;-;-1.96772;1;0;log(cm/h);-1.96772;logKp(cm/h)
108;CCOC(=O)c1ccccc1C(=O)OCC;-2.32;-2.54638;1;1;log(cm/h);-2.54638;logKp(cm/h)
109;CCOC(=O)c1cccnc1;-2.22;-2.27691;1;1;log(cm/h);-2.27691;logKp(cm/h)
110;CCOC=O;-3.01;-3.00006;1;1;log(cm/h);-3.00006;logKp(cm/h)
111;CCOCCO;-3.5;-3.39414;1;1;log(cm/h);-3.39414;logKp(cm/h)
112;CCOP(=S)(OCC)Oc1cc(C)nc(C(C)C)n1;-;-2.41641;1;0;log(cm/h);-2.41641;logKp(cm/h)
113;CCc1ccc(O)cc1;-1.46;-1.5151;1;1;log(cm/h);-1.5151;logKp(cm/h)
114;CCc1cccc2c3c([nH]c12)C(CC)(CC(=O)O)OCC3;-2.13;-2.34443;1;1;log(cm/h);-2.34443;logKp(cm/h)
115;CN(C)C(=O)CCC(=O)OCC(=O)[C@@]1(O)CC[C@H]2[C@@H]3CCC4=CC(=O)CC[C@]4(C)[C@H]3[C@@H](O)C[C@@]21C;-;-4.43704;1;0;log(cm/h);-4.43704;logKp(cm/h)
116;CN(C)CCC(c1ccc(Cl)cc1)c1ccccn1;-2.63;-2.59401;1;1;log(cm/h);-2.59401;logKp(cm/h)
117;CN(C)c1ccccc1;-1.7;-1.76716;1;1;log(cm/h);-1.76716;logKp(cm/h)
118;CN/C(=C\[N+](=O)[O-])NCCSCc1ccc(CN(C)C)o1;-4.05;-3.95106;1;1;log(cm/h);-3.95106;logKp(cm/h)
119;CN/C(=C\[N+](=O)[O-])NCCSCc1csc(CN(C)C)n1;-;-4.1223;1;0;log(cm/h);-4.1223;logKp(cm/h)
120;CN1C(C(=O)Nc2ccccn2)=C(O)c2ccccc2S1(=O)=O;-3.81;-3.50989;1;1;log(cm/h);-3.50989;logKp(cm/h)
121;CN1C(C(=O)Nc2ccccn2)=C(O)c2sccc2S1(=O)=O;-;-3.43556;1;0;log(cm/h);-3.43556;logKp(cm/h)
122;CN1CC[C@]23c4c5ccc(O)c4O[C@H]2[C@@H](O)C=C[C@H]3[C@H]1C5;-;-4.31404;1;0;log(cm/h);-4.31404;logKp(cm/h)
123;CN1CC[C@]23c4c5ccc(O)c4O[C@H]2[C@@H](O)CC[C@H]3[C@H]1C5;-;-4.30135;1;0;log(cm/h);-4.30135;logKp(cm/h)
124;CN1[C@H]2CC(OC(=O)[C@H](CO)c3ccccc3)C[C@@H]1[C@H]1O[C@@H]21;-;-4.13191;1;0;log(cm/h);-4.13191;logKp(cm/h)
125;CN1[C@H]2CC[C@@H]1CC(OC(=O)C(CO)c1ccccc1)C2;-;-3.38948;1;0;log(cm/h);-3.38948;logKp(cm/h)
126;CNCCC=C1c2ccccc2CCc2ccccc21;-;-1.99557;1;0;log(cm/h);-1.99557;logKp(cm/h)
127;CNN;-;-3.43827;1;0;log(cm/h);-3.43827;logKp(cm/h)
128;CN[C@@H](C)[C@H](O)c1ccccc1;-;-2.22113;1;0;log(cm/h);-2.22113;logKp(cm/h)
129;CO;-3.3;-3.30017;1;1;log(cm/h);-3.30017;logKp(cm/h)
130;COC(=O)CCCCCC(=O)OCC(=O)C1(O)CCC2C3CCC4=CC(=O)CCC4(C)C3C(O)CC21C;-;-4.23087;1;0;log(cm/h);-4.23087;logKp(cm/h)
131;COC(=O)Cc1ccc(O)cc1;-;-2.65337;1;0;log(cm/h);-2.65337;logKp(cm/h)
132;COC(=O)c1ccc(N)cc1;-;-2.55919;1;0;log(cm/h);-2.55919;logKp(cm/h)
133;COC(=O)c1ccc(O)cc1;-2.04;-2.25236;1;1;log(cm/h);-2.25236;logKp(cm/h)
134;COC(=O)c1ccccc1O;-;-2.42089;1;0;log(cm/h);-2.42089;logKp(cm/h)
135;COC(=O)c1cccnc1;-2.51;-2.57888;1;1;log(cm/h);-2.57888;logKp(cm/h)
136;COC(C)COC(C)CO;-;-3.25405;1;0;log(cm/h);-3.25405;logKp(cm/h)
137;COC1=CC(=O)C[C@@H](C)[C@]12Oc1c(Cl)c(OC)cc(OC)c1C2=O;-;-2.79574;1;0;log(cm/h);-2.79574;logKp(cm/h)
138;COCC(C)O;-2.9;-3.14243;1;1;log(cm/h);-3.14243;logKp(cm/h)
139;COCCO;-3.73;-3.60824;1;1;log(cm/h);-3.60824;logKp(cm/h)
140;COCCOC(C)=O;-3.6;-3.56347;1;1;log(cm/h);-3.56347;logKp(cm/h)
141;COCCOCCOCCOC(=O)c1cccnc1;-;-4.12426;1;0;log(cm/h);-4.12426;logKp(cm/h)
142;COCCc1ccc(OCC(O)CNC(C)C)cc1;-;-3.64341;1;0;log(cm/h);-3.64341;logKp(cm/h)
143;COc1c2occc2cc2ccc(=O)oc12;-1.56;-1.62657;1;1;log(cm/h);-1.62657;logKp(cm/h)
144;COc1ccc2c(c1)c(CC(=O)O)c(C)n2C(=O)c1ccc(Cl)cc1;-1.83;-2.16838;1;1;log(cm/h);-2.16838;logKp(cm/h)
145;COc1ccccc1;-1.6;-1.69542;1;1;log(cm/h);-1.69542;logKp(cm/h)
146;CS(=O)(=O)Nc1ccc([N+](=O)[O-])cc1Oc1ccccc1;-;-2.1843;1;0;log(cm/h);-2.1843;logKp(cm/h)
147;C[C@@H](O)[C@@H](C)O;-;-3.68909;1;0;log(cm/h);-3.68909;logKp(cm/h)
148;C[C@@H]1CC(=O)NN=C1c1ccc(NN=C(C#N)C#N)cc1;-;-2.35405;1;0;log(cm/h);-2.35405;logKp(cm/h)
149;C[C@H](N)C(=O)N[C@@H](Cc1c[nH]c2ccccc12)C(=O)O;-;-4.08096;1;0;log(cm/h);-4.08096;logKp(cm/h)
150;C[C@H]1C[C@H]2[C@@H]3CCC4=CC(=O)C=C[C@]4(C)[C@@]3(F)[C@@H](O)C[C@]2(C)[C@@]1(O)C(=O)CO;-;-4.14096;1;0;log(cm/h);-4.14096;logKp(cm/h)
151;C[C@H]1O[C@@H](O[C@H]2[C@@H](O)C[C@H](O[C@H]3[C@@H](O)C[C@H](O[C@H]4CC[C@]5(C)[C@H]6CC[C@]7(C)[C@@H](C8=CC(=O)OC8)CC[C@]7(O)[C@@H]6CC[C@@H]5C4)O[C@@H]3C)O[C@@H]2C)C[C@H](O)[C@@H]1O;-;-4.15252;1;0;log(cm/h);-4.15252;logKp(cm/h)
152;C[C@]12CC[C@@H]3c4ccc(O)cc4CC[C@H]3[C@@H]1CCC2=O;-2.44;-2.36397;1;1;log(cm/h);-2.36397;logKp(cm/h)
153;C[C@]12CC[C@@H]3c4ccc(O)cc4CC[C@H]3[C@@H]1C[C@@H](O)[C@@H]2O;-;-3.68395;1;0;log(cm/h);-3.68395;logKp(cm/h)
154;C[C@]12CC[C@H]3[C@@H](CCC4=CC(=O)CC[C@@]43C)[C@@H]1CC[C@@H]2C(=O)CO;-;-3.26833;1;0;log(cm/h);-3.26833;logKp(cm/h)
155;C[C@]12CC[C@H]3[C@@H](CCC4=CC(=O)CC[C@@]43C)[C@@H]1CC[C@@]2(O)C(=O)CO;-;-3.89858;1;0;log(cm/h);-3.89858;logKp(cm/h)
156;C[C@]12C[C@H](O)[C@@]3(F)[C@@H](CCC4=CC(=O)C=C[C@@]43C)[C@@H]1C[C@@H](O)[C@]2(O)C(=O)CO;-;-4.50257;1;0;log(cm/h);-4.50257;logKp(cm/h)
157;C[C@]12C[C@H](O)[C@H]3[C@@H](CCC4=CC(=O)C=C[C@@]43C)[C@@H]1CC[C@]2(O)C(=O)CO;-;-4.40709;1;0;log(cm/h);-4.40709;logKp(cm/h)
158;C[C@]12C[C@H](O)[C@H]3[C@@H](CCC4=CC(=O)CC[C@@]43C)[C@@H]1CC[C@@H]2C(=O)CO;-4.0;-3.81049;1;1;log(cm/h);-3.81049;logKp(cm/h)
159;C[C@]12C[C@H](O)[C@H]3[C@@H](CCC4=CC(=O)CC[C@@]43C)[C@@H]1CC[C@]2(O)C(=O)COC(=O)CCC(=O)O;-;-4.07965;1;0;log(cm/h);-4.07965;logKp(cm/h)
160;C[C@]12C[C@H](O)[C@H]3[C@@H](CCC4=CC(=O)CC[C@@]43C)[C@@H]1CC[C@]2(O)C(=O)COC(=O)CCC(N)=O;-;-4.15722;1;0;log(cm/h);-4.15722;logKp(cm/h)
161;C[C@]12C[C@H](O)[C@H]3[C@@H](CCC4=CC(=O)CC[C@@]43C)[C@@H]1CC[C@]2(O)C(=O)COC(=O)CCCCCC(=O)O;-;-3.72435;1;0;log(cm/h);-3.72435;logKp(cm/h)
162;C[C@]12C[C@H](O)[C@H]3[C@@H](CCC4=CC(=O)CC[C@@]43C)[C@@H]1CC[C@]2(O)C(=O)COC(=O)CCCCCC(N)=O;-;-3.85365;1;0;log(cm/h);-3.85365;logKp(cm/h)
163;C[n+]1ccc(-c2cc[n+](C)cc2)cc1;-;-2.74428;1;0;log(cm/h);-2.74428;logKp(cm/h)
164;Cc1c(N(C)C)c(=O)n(-c2ccccc2)n1C;-;-3.24937;1;0;log(cm/h);-3.24937;logKp(cm/h)
165;Cc1cc(=O)n(-c2ccccc2)n1C;-;-2.17638;1;0;log(cm/h);-2.17638;logKp(cm/h)
166;Cc1cc(Cl)ccc1O;-;-1.44916;1;0;log(cm/h);-1.44916;logKp(cm/h)
167;Cc1cc(O)cc(C)c1Cl;-1.23;-1.26044;1;1;log(cm/h);-1.26044;logKp(cm/h)
168;Cc1cc(O)ccc1Cl;-;-1.35294;1;0;log(cm/h);-1.35294;logKp(cm/h)
169;Cc1ccc(C(C)C)c(O)c1;-1.18;-1.24004;1;1;log(cm/h);-1.24004;logKp(cm/h)
170;Cc1ccc(C(C)C)cc1O;-;-1.27654;1;0;log(cm/h);-1.27654;logKp(cm/h)
171;Cc1ccc(O)cc1;-;-1.82532;1;0;log(cm/h);-1.82532;logKp(cm/h)
172;Cc1ccc(O)cc1C;-;-1.47714;1;0;log(cm/h);-1.47714;logKp(cm/h)
173;Cc1cccc(C)c1;-;-1.55352;1;0;log(cm/h);-1.55352;logKp(cm/h)
174;Cc1cccc(O)c1;-;-1.89537;1;0;log(cm/h);-1.89537;logKp(cm/h)
175;Cc1ccccc1N;-;-2.03796;1;0;log(cm/h);-2.03796;logKp(cm/h)
176;Cc1ccccc1O;-1.8;-1.83744;1;1;log(cm/h);-1.83744;logKp(cm/h)
177;ClC(Br)Br;-;-2.02789;1;0;log(cm/h);-2.02789;logKp(cm/h)
178;ClC(Cl)(Cl)C(Cl)(Cl)Cl;-;-1.42408;1;0;log(cm/h);-1.42408;logKp(cm/h)
179;ClC(Cl)=C(Cl)C(Cl)=C(Cl)Cl;-;-1.44558;1;0;log(cm/h);-1.44558;logKp(cm/h)
180;ClC(Cl)=C(Cl)Cl;-;-1.44975;1;0;log(cm/h);-1.44975;logKp(cm/h)
181;ClC(Cl)Br;-;-1.95017;1;0;log(cm/h);-1.95017;logKp(cm/h)
182;ClC=CCCl;-;-1.90385;1;0;log(cm/h);-1.90385;logKp(cm/h)
183;ClCC1CO1;-3.43;-3.35666;1;1;log(cm/h);-3.35666;logKp(cm/h)
184;ClCCCl;-2.0;-1.99071;1;1;log(cm/h);-1.99071;logKp(cm/h)
185;Cn1c(=O)c2[nH]cnc2n(C)c1=O;-;-3.67344;1;0;log(cm/h);-3.67344;logKp(cm/h)
186;Cn1cnc(C[C@H](N)C(=O)N2CCC[C@H]2C(=O)NC(=O)[C@@H]2CCC(=O)N2)c1;-;-4.048;1;0;log(cm/h);-4.048;logKp(cm/h)
187;N#CC(Br)Br;-;-1.7693;1;0;log(cm/h);-1.7693;logKp(cm/h)
188;N#CC(Cl)Br;-;-1.94348;1;0;log(cm/h);-1.94348;logKp(cm/h)
189;N#CC(Cl)Cl;-;-2.09813;1;0;log(cm/h);-2.09813;logKp(cm/h)
190;N#CCCl;-;-2.85537;1;0;log(cm/h);-2.85537;logKp(cm/h)
191;N#Cc1ccc(O)cc1;-1.98;-2.11067;1;1;log(cm/h);-2.11067;logKp(cm/h)
192;NC(=O)Cc1ccc(O)cc1;-;-3.17537;1;0;log(cm/h);-3.17537;logKp(cm/h)
193;NC(=O)N1c2ccccc2C=Cc2ccccc21;-;-1.52971;1;0;log(cm/h);-1.52971;logKp(cm/h)
194;NC(CC(=O)O)C(=O)O;-;-3.75673;1;0;log(cm/h);-3.75673;logKp(cm/h)
195;NC(Cc1cnc[nH]1)C(=O)O;-;-3.96045;1;0;log(cm/h);-3.96045;logKp(cm/h)
196;NC(N)=Nc1nc(CSCC/C(N)=N/S(N)(=O)=O)cs1;-;-3.9645;0;0;log(cm/h);-3.9645;logKp(cm/h)
197;NC(N)=O;-3.83;-3.68861;1;1;log(cm/h);-3.68861;logKp(cm/h)
198;NCC(=O)CCC(=O)O;-;-3.63591;1;0;log(cm/h);-3.63591;logKp(cm/h)
199;NCC(CC(=O)O)c1ccc(Cl)cc1;-;-2.08103;1;0;log(cm/h);-2.08103;logKp(cm/h)
200;NCCCC[C@H](N)C(=O)O;-3.31;-3.50688;1;1;log(cm/h);-3.50688;logKp(cm/h)
201;NCCO;-4.02;-3.76523;1;1;log(cm/h);-3.76523;logKp(cm/h)
202;NCCc1ccccc1;-;-2.42368;1;0;log(cm/h);-2.42368;logKp(cm/h)
203;N[C@@H](Cc1ccc(O)c(O)c1)C(=O)O;-;-3.84652;1;0;log(cm/h);-3.84652;logKp(cm/h)
204;Nc1cc([N+](=O)[O-])ccc1O;-3.11;-2.95531;1;1;log(cm/h);-2.95531;logKp(cm/h)
205;Nc1ccc(Cl)c(N)c1;-2.68;-2.49015;1;1;log(cm/h);-2.49015;logKp(cm/h)
206;Nc1ccc(N)c([N+](=O)[O-])c1;-3.3;-3.07635;1;1;log(cm/h);-3.07635;logKp(cm/h)
207;Nc1ccc(N)cc1;-;-2.98354;1;0;log(cm/h);-2.98354;logKp(cm/h)
208;Nc1ccc(O)c([N+](=O)[O-])c1;-2.55;-2.69221;1;1;log(cm/h);-2.69221;logKp(cm/h)
209;Nc1ccccc1N;-3.29;-3.05037;1;1;log(cm/h);-3.05037;logKp(cm/h)
210;Nc1ccn([C@@H]2O[C@H](CO)[C@@H](O)[C@@H]2O)c(=O)n1;-;-3.96461;1;0;log(cm/h);-3.96461;logKp(cm/h)
211;Nc1nc2c(ncn2COCCO)c(=O)[nH]1;-;-3.56017;1;0;log(cm/h);-3.56017;logKp(cm/h)
212;O=C(CCCN1CCC(O)(c2ccc(Cl)cc2)CC1)c1ccc(F)cc1;-;-2.64144;1;0;log(cm/h);-2.64144;logKp(cm/h)
213;O=C(NCCO[N+](=O)[O-])c1cccnc1;-3.66;-3.64125;1;1;log(cm/h);-3.64125;logKp(cm/h)
214;O=C(O)C(Br)Br;-;-2.35834;1;0;log(cm/h);-2.35834;logKp(cm/h)
215;O=C(O)C(Cl)(Cl)Cl;-;-2.13863;1;0;log(cm/h);-2.13863;logKp(cm/h)
216;O=C(O)C(Cl)Br;-;-2.48173;1;0;log(cm/h);-2.48173;logKp(cm/h)
217;O=C(O)C(Cl)Cl;-;-2.59048;1;0;log(cm/h);-2.59048;logKp(cm/h)
218;O=C(O)CBr;-;-3.07253;1;0;log(cm/h);-3.07253;logKp(cm/h)
219;O=C(O)CCl;-;-3.07213;1;0;log(cm/h);-3.07213;logKp(cm/h)
220;O=C(O)CN(CC(=O)O)Cc1cc2c(cc1O)Oc1cc(O)c(CN(CC(=O)O)CC(=O)O)cc1C21OC(=O)c2ccccc21;-;-4.81787;1;0;log(cm/h);-4.81787;logKp(cm/h)
221;O=C(O)CNCP(=O)(O)O;-;-3.44632;1;0;log(cm/h);-3.44632;logKp(cm/h)
222;O=C(O)Cc1ccc(O)cc1;-;-2.72691;1;0;log(cm/h);-2.72691;logKp(cm/h)
223;O=C(O)c1ccccc1;-;-2.23385;1;0;log(cm/h);-2.23385;logKp(cm/h)
224;O=C(O)c1ccccc1Nc1cccc(C(F)(F)F)c1;-;-1.62519;1;0;log(cm/h);-1.62519;logKp(cm/h)
225;O=C(O)c1cccnc1;-;-2.81448;1;0;log(cm/h);-2.81448;logKp(cm/h)
226;O=C(OCc1ccccc1)c1cccnc1;-;-1.71949;1;0;log(cm/h);-1.71949;logKp(cm/h)
227;O=C(c1ccccc1)c1ccc2n1CCC2C(=O)O;-;-2.64838;1;0;log(cm/h);-2.64838;logKp(cm/h)
228;O=C1CCCCC1;-2.74;-2.39815;1;1;log(cm/h);-2.39815;logKp(cm/h)
229;O=Cc1ccccc1;-;-2.03192;1;0;log(cm/h);-2.03192;logKp(cm/h)
230;O=NN(CCO)CCO;-;-3.69793;1;0;log(cm/h);-3.69793;logKp(cm/h)
231;O=[N+]([O-])OCC(CO[N+](=O)[O-])O[N+](=O)[O-];-;-3.5511;1;0;log(cm/h);-3.5511;logKp(cm/h)
232;O=[N+]([O-])O[C@@H]1CO[C@@H]2[C@@H](O)CO[C@H]12;-;-4.07432;1;0;log(cm/h);-4.07432;logKp(cm/h)
233;O=[N+]([O-])O[C@H]1CO[C@H]2[C@@H]1OC[C@H]2O[N+](=O)[O-];-;-3.90443;1;0;log(cm/h);-3.90443;logKp(cm/h)
234;O=[N+]([O-])c1ccc(O)cc1;-2.17;-2.28224;1;1;log(cm/h);-2.28224;logKp(cm/h)
235;O=[N+]([O-])c1cccc(O)c1;-2.25;-2.25776;1;1;log(cm/h);-2.25776;logKp(cm/h)
236;O=c1[nH]cc(F)c(=O)[nH]1;-;-3.63827;1;0;log(cm/h);-3.63827;logKp(cm/h)
237;O=c1ccc2ccccc2o1;-2.04;-1.94651;1;1;log(cm/h);-1.94651;logKp(cm/h)
238;OC(O)C(Cl)(Cl)Cl;-;-3.50772;1;0;log(cm/h);-3.50772;logKp(cm/h)
239;OCCNCCO;-4.38;-4.17126;1;1;log(cm/h);-4.17126;logKp(cm/h)
240;OCCO;-;-3.88638;1;0;log(cm/h);-3.88638;logKp(cm/h)
241;OCCc1ccccc1;-;-2.30772;1;0;log(cm/h);-2.30772;logKp(cm/h)
242;OC[C@@H](O)[C@@H](O)[C@H](O)[C@H](O)CO;-4.96;-4.80852;1;1;log(cm/h);-4.80852;logKp(cm/h)
243;OC[C@H]1O[C@@](CO)(O[C@H]2O[C@H](CO[C@H]3O[C@H](CO)[C@H](O)[C@H](O)[C@H]3O)[C@@H](O)[C@H](O)[C@H]2O)[C@@H](O)[C@@H]1O;-;-5.20783;1;0;log(cm/h);-5.20783;logKp(cm/h)
244;OC[C@H]1O[C@H](O[C@]2(CO)O[C@H](CO)[C@@H](O)[C@@H]2O)[C@H](O)[C@@H](O)[C@@H]1O;-5.28;-5.00487;1;1;log(cm/h);-5.00487;logKp(cm/h)
245;OCc1ccc(O)cc1;-;-2.78593;1;0;log(cm/h);-2.78593;logKp(cm/h)
246;OCc1ccccc1;-2.22;-2.27215;1;1;log(cm/h);-2.27215;logKp(cm/h)
247;Oc1c(Cl)cc(Cl)cc1Cl;-1.14;-1.20275;1;1;log(cm/h);-1.20275;logKp(cm/h)
248;Oc1cc(O)cc(O)c1;-;-2.78072;1;0;log(cm/h);-2.78072;logKp(cm/h)
249;Oc1ccc(Br)cc1;-1.44;-1.51753;1;1;log(cm/h);-1.51753;logKp(cm/h)
250;Oc1ccc(Cl)cc1;-;-1.6062;1;0;log(cm/h);-1.6062;logKp(cm/h)
251;Oc1ccc(Cl)cc1Cl;-1.14;-1.1851;1;1;log(cm/h);-1.1851;logKp(cm/h)
252;Oc1ccc(O)c(O)c1;-;-2.67373;1;0;log(cm/h);-2.67373;logKp(cm/h)
253;Oc1ccc(O)cc1;-2.95;-2.81324;1;1;log(cm/h);-2.81324;logKp(cm/h)
254;Oc1ccc2ccccc2c1;-1.59;-1.54017;1;1;log(cm/h);-1.54017;logKp(cm/h)
255;Oc1cccc(Cl)c1;-;-1.58123;1;0;log(cm/h);-1.58123;logKp(cm/h)
256;Oc1cccc(O)c1;-2.82;-2.75067;1;1;log(cm/h);-2.75067;logKp(cm/h)
257;Oc1cccc(O)c1O;-2.36;-2.5873;1;1;log(cm/h);-2.5873;logKp(cm/h)
258;Oc1ccccc1;-;-2.10393;1;0;log(cm/h);-2.10393;logKp(cm/h)
259;Oc1ccccc1Cl;-;-1.52391;1;0;log(cm/h);-1.52391;logKp(cm/h)
260;Oc1ccccc1O;-2.51;-2.58395;1;1;log(cm/h);-2.58395;logKp(cm/h)
261;c1ccc(OCC2CO2)cc1;-;-3.01619;1;0;log(cm/h);-3.01619;logKp(cm/h)
262;c1ccc2ccccc2c1;-1.16;-1.17015;1;1;log(cm/h);-1.17015;logKp(cm/h)
263;c1ccc2cnccc2c1;-;-1.8128;1;0;log(cm/h);-1.8128;logKp(cm/h)
264;c1ccccc1;-;-1.71669;1;0;log(cm/h);-1.71669;logKp(cm/h)
265;c1ccncc1;-2.74;-2.65437;1;1;log(cm/h);-2.65437;logKp(cm/h)
266;Brc1ccccc1;-0.84;-1.08686;1;1;log(cm/h);-1.08686;logKp(cm/h)
267;C1=CCC=C1;-1.52;-1.86771;1;1;log(cm/h);-1.86771;logKp(cm/h)
268;C1=CCCCC1;-;-1.58224;1;0;log(cm/h);-1.58224;logKp(cm/h)
269;C1=Cc2ccccc2C1;-1.36;-1.34227;1;1;log(cm/h);-1.34227;logKp(cm/h)
270;C1CCOC1;-2.83;-2.78846;1;1;log(cm/h);-2.78846;logKp(cm/h)
271;C=C(C)C(=O)OC;-2.35;-2.52994;1;1;log(cm/h);-2.52994;logKp(cm/h)
272;C=C(Cl)Cl;-1.8;-1.85411;1;1;log(cm/h);-1.85411;logKp(cm/h)
273;C=CC(=C)Cl;-;-1.96947;1;0;log(cm/h);-1.96947;logKp(cm/h)
274;CC(=O)CC(C)(C)O;-3.07;-2.95986;1;1;log(cm/h);-2.95986;logKp(cm/h)
275;CC(=O)CCC(C)C;-;-1.97091;1;0;log(cm/h);-1.97091;logKp(cm/h)
276;CC(=O)OC(C)(C)C;-2.18;-2.24726;1;1;log(cm/h);-2.24726;logKp(cm/h)
277;CC(=O)OCCC(C)C;-1.91;-1.9219;1;1;log(cm/h);-1.9219;logKp(cm/h)
278;CC(=O)[C@H]1CC[C@H]2[C@@H]3CCC4=CC(=O)CC[C@]4(C)[C@H]3CC[C@]12C;-2.82;-2.56826;1;1;log(cm/h);-2.56826;logKp(cm/h)
279;CC(C)(C)O;-;-2.84979;1;0;log(cm/h);-2.84979;logKp(cm/h)
280;CC(C)(C)c1ccc(O)c(O)c1;-1.28;-1.45222;1;1;log(cm/h);-1.45222;logKp(cm/h)
281;CC(C)Cc1ccc(C(C)C(=O)O)cc1;-1.44;-1.52156;1;1;log(cm/h);-1.52156;logKp(cm/h)
282;CC(C)NCC(O)COc1ccc(COCCOC(C)C)cc1;-3.57;-3.55559;1;1;log(cm/h);-3.55559;logKp(cm/h)
283;CC(C)Nc1ccccc1;-1.75;-1.74932;1;1;log(cm/h);-1.74932;logKp(cm/h)
284;CC(C)[N+](=O)[O-];-;-2.73886;1;0;log(cm/h);-2.73886;logKp(cm/h)
285;CC(CO[N+](=O)[O-])O[N+](=O)[O-];-2.61;-2.97641;1;1;log(cm/h);-2.97641;logKp(cm/h)
286;CC(Cl)Cl;-2.05;-1.967;1;1;log(cm/h);-1.967;logKp(cm/h)
287;CC(O)C(C)O;-3.91;-3.68909;1;1;log(cm/h);-3.68909;logKp(cm/h)
288;CC12CCC(CC1=O)C2(C)C;-1.99;-1.98182;1;1;log(cm/h);-1.98182;logKp(cm/h)
289;CC1=CC(=O)CC(C)(C)C1;-2.36;-2.17309;1;1;log(cm/h);-2.17309;logKp(cm/h)
290;CC1CCCCC1;-0.76;-0.97567;1;1;log(cm/h);-0.97567;logKp(cm/h)
291;CCBr;-2.24;-2.24733;1;1;log(cm/h);-2.24733;logKp(cm/h)
292;CCC(C)O;-2.55;-2.69022;1;1;log(cm/h);-2.69022;logKp(cm/h)
293;CCC(C)OC(C)=O;-2.21;-2.2367;1;1;log(cm/h);-2.2367;logKp(cm/h)
294;CCC(C)c1ccccc1O;-1.23;-1.23655;1;1;log(cm/h);-1.23655;logKp(cm/h)
295;CCCCCC(C)O;-1.48;-1.66654;1;1;log(cm/h);-1.66654;logKp(cm/h)
296;CCCCCCCCCCO;-1.1;-1.14204;1;1;log(cm/h);-1.14204;logKp(cm/h)
297;CCCCCOC(C)=O;-;-1.87156;1;0;log(cm/h);-1.87156;logKp(cm/h)
298;CCCCO;-;-2.6689;1;0;log(cm/h);-2.6689;logKp(cm/h)
299;CCCCOP(=O)(O)OCCCC;-2.38;-2.18376;1;1;log(cm/h);-2.18376;logKp(cm/h)
300;CCC[N+](=O)[O-];-2.65;-2.74865;1;1;log(cm/h);-2.74865;logKp(cm/h)
301;CCCc1ccccc1;-0.98;-1.09229;1;1;log(cm/h);-1.09229;logKp(cm/h)
302;CCNc1nc(Cl)nc(NC(C)C)n1;-;-3.16194;1;0;log(cm/h);-3.16194;logKp(cm/h)
303;CCOCC;-2.46;-2.55359;1;1;log(cm/h);-2.55359;logKp(cm/h)
304;CCOCCOC(C)=O;-;-3.50494;1;0;log(cm/h);-3.50494;logKp(cm/h)
305;CCOCCOCCO;-3.88;-3.69366;1;1;log(cm/h);-3.69366;logKp(cm/h)
306;CCc1ccccc1;-1.15;-1.32308;1;1;log(cm/h);-1.32308;logKp(cm/h)
307;CN1CCC[C@H]1c1cccnc1;-;-2.49991;1;0;log(cm/h);-2.49991;logKp(cm/h)
308;CN1CCN(C(c2ccccc2)c2ccccc2)CC1;-2.52;-2.81277;1;1;log(cm/h);-2.81277;logKp(cm/h)
309;CN1CC[C@]23c4c5ccc(O)c4O[C@H]2C(=O)CC[C@H]3[C@H]1C5;-;-4.24023;1;0;log(cm/h);-4.24023;logKp(cm/h)
310;CNC(=O)Oc1ccccc1OC(C)C;-2.59;-2.58837;1;1;log(cm/h);-2.58837;logKp(cm/h)
311;COC(C)=O;-3.04;-2.98728;1;1;log(cm/h);-2.98728;logKp(cm/h)
312;COC=O;-;-3.02531;1;0;log(cm/h);-3.02531;logKp(cm/h)
313;COc1ccc(O)cc1;-;-2.2746;1;0;log(cm/h);-2.2746;logKp(cm/h)
314;COc1ccc2c3c1O[C@H]1[C@@H](O)C=C[C@H]4[C@@H](C2)N(C)CC[C@]314;-;-4.03268;1;0;log(cm/h);-4.03268;logKp(cm/h)
315;COc1ccc2cc([C@H](C)C(=O)O)ccc2c1;-;-1.71125;1;0;log(cm/h);-1.71125;logKp(cm/h)
316;COc1ccccc1N;-;-2.26403;1;0;log(cm/h);-2.26403;logKp(cm/h)
317;C[C@@H]1C[C@H]2[C@@H]3CCC4=CC(=O)C=C[C@]4(C)[C@@]3(F)[C@@H](O)C[C@]2(C)[C@@]1(O)C(=O)CO;-;-4.14096;1;0;log(cm/h);-4.14096;logKp(cm/h)
318;C[C@@H]1O[C@@H](O[C@H]2C[C@@H](O)[C@]3(CO)[C@H]4[C@H](O)C[C@]5(C)[C@@H](C6=CC(=O)OC6)CC[C@]5(O)[C@@H]4CC[C@]3(O)C2)[C@H](O)[C@H](O)[C@H]1O;-6.1;-5.52661;1;1;log(cm/h);-5.52661;logKp(cm/h)
319;C[C@]12CC(=O)[C@H]3[C@@H](CCC4=CC(=O)CC[C@@]43C)[C@@H]1CC[C@]2(O)C(=O)CO;-5.0;-4.75848;1;1;log(cm/h);-4.75848;logKp(cm/h)
320;C[C@]12CCC(=O)C=C1CC[C@@H]1[C@@H]2[C@@H](O)C[C@]2(C=O)[C@@H](C(=O)CO)CC[C@@H]12;-;-4.19601;1;0;log(cm/h);-4.19601;logKp(cm/h)
321;C[C@]12CC[C@H]3[C@@H](CCC4=CC(=O)CC[C@@]43C)[C@@H]1CC[C@@H]2O;-2.71;-2.48735;1;1;log(cm/h);-2.48735;logKp(cm/h)
322;C[C@]12CC[C@H]3[C@@H](CCC4=CC(=O)CC[C@@]43C)[C@@H]1CC[C@]2(O)C(=O)CO;-;-3.89858;1;0;log(cm/h);-3.89858;logKp(cm/h)
323;C[C@]12C[C@H](O)[C@H]3[C@@H](CCC4=CC(=O)CC[C@@]43C)[C@@H]1CC[C@]2(O)C(=O)CO;-;-4.3743;1;0;log(cm/h);-4.3743;logKp(cm/h)
324;Cc1cc(C)cc(O)c1;-1.48;-1.48199;1;1;log(cm/h);-1.48199;logKp(cm/h)
325;Cc1ccc(C)cc1;-;-1.40479;1;0;log(cm/h);-1.40479;logKp(cm/h)
326;Cc1ccc(N)cc1;-2.39;-2.24455;1;1;log(cm/h);-2.24455;logKp(cm/h)
327;Cc1ccc([N+](=O)[O-])cc1;-1.87;-1.81003;1;1;log(cm/h);-1.81003;logKp(cm/h)
328;Cc1ccc([N+](=O)[O-])cc1[N+](=O)[O-];-2.42;-2.27028;1;1;log(cm/h);-2.27028;logKp(cm/h)
329;Cc1cccc(CO)c1;-1.78;-1.92514;1;1;log(cm/h);-1.92514;logKp(cm/h)
330;Cc1cccc(N)c1;-2.38;-2.25584;1;1;log(cm/h);-2.25584;logKp(cm/h)
331;Cc1cccc([N+](=O)[O-])c1;-;-1.81313;1;0;log(cm/h);-1.81313;logKp(cm/h)
332;Cc1ccccc1;-1.3;-1.35091;1;1;log(cm/h);-1.35091;logKp(cm/h)
333;Cc1ccccc1Cl;-1.06;-1.0952;1;1;log(cm/h);-1.0952;logKp(cm/h)
334;Cc1ccccc1[N+](=O)[O-];-1.92;-1.89853;1;1;log(cm/h);-1.89853;logKp(cm/h)
335;ClC(Cl)Cl;-1.8;-1.83587;1;1;log(cm/h);-1.83587;logKp(cm/h)
336;ClC=C(Cl)Cl;-1.92;-1.75698;1;1;log(cm/h);-1.75698;logKp(cm/h)
337;ClC=CCl;-;-1.92975;1;0;log(cm/h);-1.92975;logKp(cm/h)
338;ClCC(Cl)CCl;-2.01;-1.8996;1;1;log(cm/h);-1.8996;logKp(cm/h)
339;ClCc1ccccc1;-1.86;-1.67749;1;1;log(cm/h);-1.67749;logKp(cm/h)
340;Clc1ccc(Cl)cc1;-1.17;-1.1658;1;1;log(cm/h);-1.1658;logKp(cm/h)
341;Clc1ccccc1Cl;-1.18;-1.15206;1;1;log(cm/h);-1.15206;logKp(cm/h)
342;Cn1c(=O)c2c(ncn2C)n(C)c1=O;-3.96;-3.75939;1;1;log(cm/h);-3.75939;logKp(cm/h)
343;N#Cc1cccc(C#N)c1;-;-2.03764;1;0;log(cm/h);-2.03764;logKp(cm/h)
344;NC=O;-;-3.50693;1;0;log(cm/h);-3.50693;logKp(cm/h)
345;NNc1ccccc1;-;-2.74268;1;0;log(cm/h);-2.74268;logKp(cm/h)
346;N[C@@H](CC(=O)O)C(=O)O;-3.87;-3.75673;1;1;log(cm/h);-3.75673;logKp(cm/h)
347;N[C@@H](Cc1cnc[nH]1)C(=O)O;-;-3.96045;1;0;log(cm/h);-3.96045;logKp(cm/h)
348;Nc1ccc([N+](=O)[O-])cc1;-;-2.54656;1;0;log(cm/h);-2.54656;logKp(cm/h)
349;Nc1ccccc1;-2.65;-2.52137;1;1;log(cm/h);-2.52137;logKp(cm/h)
350;Nc1ncn[nH]1;-;-3.6229;1;0;log(cm/h);-3.6229;logKp(cm/h)
351;O=C(CCl)c1ccccc1;-2.29;-1.9804;1;1;log(cm/h);-1.9804;logKp(cm/h)
352;O=C(O)Cc1ccccc1Nc1c(Cl)cccc1Cl;-1.74;-1.76503;1;1;log(cm/h);-1.76503;logKp(cm/h)
353;O=C(O)c1ccccc1O;-2.2;-2.36859;1;1;log(cm/h);-2.36859;logKp(cm/h)
354;O=CO;-3.52;-3.40932;1;1;log(cm/h);-3.40932;logKp(cm/h)
355;O=[N+]([O-])c1ccc([N+](=O)[O-])cc1;-2.71;-2.45888;1;1;log(cm/h);-2.45888;logKp(cm/h)
356;O=[N+]([O-])c1cccc([N+](=O)[O-])c1;-2.69;-2.57595;1;1;log(cm/h);-2.57595;logKp(cm/h)
357;O=[N+]([O-])c1ccccc1[N+](=O)[O-];-;-2.44387;1;0;log(cm/h);-2.44387;logKp(cm/h)
358;OC1CCCCC1;-;-2.1759;1;0;log(cm/h);-2.1759;logKp(cm/h)
359;OCCCCCCc1ccccc1;-;-1.23832;1;0;log(cm/h);-1.23832;logKp(cm/h)
360;OCCCCc1ccccc1;-1.18;-1.3558;1;1;log(cm/h);-1.3558;logKp(cm/h)
361;OCCCc1ccccc1;-1.28;-1.46553;1;1;log(cm/h);-1.46553;logKp(cm/h)
362;OCCOc1ccccc1;-;-3.10079;1;0;log(cm/h);-3.10079;logKp(cm/h)
363;Oc1cccc(Br)c1;-1.35;-1.44409;1;1;log(cm/h);-1.44409;logKp(cm/h)
364;Oc1cccc2ccccc12;-1.55;-1.51612;1;1;log(cm/h);-1.51612;logKp(cm/h)
365;S=C=S;-;-2.63574;1;0;log(cm/h);-2.63574;logKp(cm/h)
366;c1ccc(-c2ccccc2)cc1;-0.84;-0.98051;1;1;log(cm/h);-0.98051;logKp(cm/h)
367;c1ccc(Nc2ccccc2)cc1;-1.27;-1.24076;1;1;log(cm/h);-1.24076;logKp(cm/h)
