SMILES;y;AATSC1c;GATS1se;N-079;GATS7d;SIC3;SLogP_VSA2;AATSC0c;JGI7;AATSC3c;ATSC3c
CCOC(=O)C1(c2ccccc2)CCN(CCC(O)c2ccccc2)CC1;0.0;0.85;-0.14;-0.28;-0.38;-0.76;-0.28;-0.87;-1.07;-0.1;-0.29
N=C1N[C@@H](O)C[C@H]([C@@H]2NC(=O)/C(=C/NC(N)=O)NC(=O)[C@H](CO)NC(=O)[C@H](CO)NC(=O)[C@@H](NC(=O)C[C@@H](N)CCCN)CNC2=O)N1;1.0;-1.55;0.75;-0.28;0.37;0.71;2.12;1.09;-0.3;0.42;0.67
O=C(NCCN1CCOCC1)c1ccc(Cl)cc1;1.0;0.69;-0.41;-0.28;1.39;-0.03;-0.06;-0.67;-0.67;0.39;0.05
NC[C@@H]1O[C@H](O[C@@H]2[C@@H](N)C[C@@H](N)[C@H](O[C@H]3O[C@@H](CO)[C@@H](O)[C@H](N)[C@H]3O)[C@H]2O)[C@@H](O)[C@@H](O)[C@H]1O;0.0;-0.57;1.59;-0.28;1.05;-0.22;2.36;1.0;0.79;1.64;2.49
C[C@]12C[C@H](O)[C@@]3(F)[C@@H](CCC4=CC(=O)C=C[C@@]43C)[C@@H]1C[C@@H](O)[C@]2(O)C(=O)CO;1.0;0.45;-0.36;-0.28;-0.36;0.83;0.26;-0.28;0.86;0.62;0.72
NS(=O)(=O)c1cc(C(=O)O)cc(N2CCCC2)c1Oc1ccccc1;1.0;-0.22;-0.7;-0.28;0.14;0.33;-0.53;0.17;0.0;-0.1;-0.29
CN(C)[C@@H]1C(O)=C(C(=O)NCNCCCC[C@H](N)C(=O)O)C(=O)[C@@]2(O)C(O)=C3C(=O)c4c(O)cccc4[C@@](C)(O)[C@H]3C[C@@H]12;1.0;-0.57;0.45;-0.28;0.35;0.74;1.38;0.85;0.48;-0.28;-0.62
C#C[C@]1(O)CC[C@H]2[C@@H]3CCC4=CC(=O)CCC4=C3[C@@H](c3ccc(N(C)C)cc3)C[C@@]21C;1.0;1.16;-0.37;-0.28;-0.12;0.48;-0.59;-1.28;0.1;0.04;-0.09
CCOC(=O)Nc1ccc(NCc2ccc(F)cc2)cc1N;1.0;-0.56;-0.3;-0.28;0.3;0.93;-1.07;0.05;0.2;-0.28;-0.4
CC(=O)O[C@]1(C(C)=O)CC[C@H]2[C@@H]3C=C(C)C4=CC(=O)CC[C@]4(C)[C@H]3CC[C@@]21C;1.0;0.89;-1.36;-0.28;-0.42;0.25;-0.79;-1.1;1.24;0.05;-0.09
O=C(COCCOCCOCC(=O)Nc1c(I)cc(I)c(C(=O)O)c1I)Nc1c(I)cc(I)c(C(=O)O)c1I;0.0;-0.78;0.32;-0.28;0.43;-1.26;0.56;0.86;-0.59;0.56;0.33
O=CN(O)CCCP(=O)(O)O;0.0;-1.34;1.24;-0.28;-2.62;0.3;-0.36;1.12;-2.38;-0.91;-0.56
CCCN1C[C@H](NS(=O)(=O)N(CC)CC)C[C@@H]2Cc3c(O)cccc3C[C@@H]21;1.0;0.64;-0.93;-0.28;0.38;0.01;0.23;-0.99;0.24;-0.13;-0.34
CC(C)[N+](C)(CCOC(=O)C1c2ccccc2Oc2ccccc21)C(C)C;0.0;0.76;-0.19;1.87;0.98;-1.72;-0.26;-0.74;-0.52;0.26;0.13
CCCc1c2oc(C(=O)O)cc(=O)c2cc2c(=O)cc(C(=O)O)n(CC)c12;0.0;-0.8;-0.35;-0.28;0.06;0.65;-0.69;1.01;0.93;0.98;0.59
C#C[C@]1(OC(C)=O)CC[C@H]2[C@@H]3CCC4=C/C(=N/O)CC[C@@H]4[C@H]3CC[C@@]21CC;1.0;0.78;-0.91;-0.28;-0.58;0.29;-0.8;-0.95;0.62;0.01;-0.15
COC(=O)C1=C(C)NC(C)=C(C(=O)OCC(C)C)[C@H]1c1ccccc1[N+](=O)[O-];1.0;0.35;-1.33;1.87;0.55;-0.47;-0.59;-0.12;-0.41;-0.43;-0.58
OCCOCCN1CCN(C2=Nc3ccccc3Sc3ccccc32)CC1;1.0;0.98;0.53;-0.28;-0.11;-0.05;0.56;-0.85;-0.64;0.38;0.21
O=P(O)(O)C(O)(Cc1cccnc1)P(=O)(O)O;0.0;-2.15;2.28;-0.28;-1.35;-0.42;-0.48;1.81;2.0;-0.63;-0.55
COc1cccc2c1C(=O)c1c(O)c3c(c(O)c1C2=O)C[C@@](O)(C(=O)CO)C[C@@H]3O[C@H]1C[C@H](N)[C@H](O)[C@H](C)O1;0.0;-0.19;0.41;-0.28;0.9;0.84;0.92;0.86;0.58;-0.26;-0.53
CCCCc1ncc(/C=C(\Cc2cccs2)C(=O)O)n1Cc1ccc(C(=O)O)cc1;0.0;-0.15;-0.24;-0.28;0.18;1.0;-0.56;-0.15;-0.37;-0.13;-0.31
COc1ccc(CCN(C)CCCN2CCc3cc(OC)c(OC)cc3CC2=O)cc1OC;1.0;0.74;0.04;-0.28;0.12;-0.87;0.67;-0.23;-0.42;0.83;0.86
CNCCCC1c2ccccc2C=Cc2ccccc21;1.0;1.41;1.48;-0.28;-0.1;-0.58;-1.04;-1.58;-0.88;-0.02;-0.22
CCC(=O)OC(OP(=O)(CCCCc1ccccc1)CC(=O)N1CC(C2CCCCC2)CC1C(=O)O)C(C)C;1.0;0.35;-0.36;-0.28;0.56;0.03;0.18;-0.62;-0.46;-0.31;-0.71
CC[C@@H]1CC[C@@H](N)[C@@H](O[C@@H]2[C@@H](N)C[C@@H](N)[C@H](O[C@H]3OC[C@](C)(O)[C@H](NC)[C@H]3O)[C@H]2O)O1;0.0;0.13;1.19;-0.28;1.03;0.17;1.32;-0.02;1.06;1.08;1.62
CS(=O)(=O)OCCCCOS(C)(=O)=O;1.0;0.17;-1.64;-0.28;-2.24;-3.07;-0.27;-0.62;-0.27;-0.74;-0.56
CN1CC[C@]23c4c5ccc(O)c4O[C@H]2C(=O)CC[C@H]3[C@H]1C5;1.0;0.59;-0.32;-0.28;-1.42;0.81;-0.29;-0.23;2.19;0.83;0.65
CC(=O)OCC(=O)[C@@]1(O)CC[C@H]2[C@@H]3CCC4=CC(=O)CC[C@@]4(C)[C@@]3(F)[C@H](O)C[C@]21C;1.0;0.52;-0.84;-0.28;0.01;0.62;-0.02;-0.48;0.4;0.34;0.37
CC1(C)S[C@@H]2[C@H](/N=C/N3CCCCCC3)C(=O)N2[C@H]1C(=O)O;0.0;0.11;-0.46;-0.28;0.93;-0.79;0.43;-0.15;0.42;0.47;0.27
CN(N=O)C(=O)N[C@H]1[C@@H](O)O[C@H](CO)[C@@H](O)[C@@H]1O;0.0;-1.32;0.75;-0.28;-0.59;1.02;0.62;1.25;0.43;1.18;0.55
NC(=O)N[C@@H](CCC(=O)O)C(=O)O;1.0;-4.36;0.81;-0.28;-1.25;0.71;-0.49;2.93;-2.38;-0.31;-0.35
CNC(=O)c1c(I)c(NC(C)=O)c(I)c(C(=O)O)c1I;0.0;-1.31;-0.04;-0.28;0.44;0.83;-0.6;0.9;-1.68;-1.03;-0.67
CN/C(=C/[N+](=O)[O-])NCCSCc1csc(CN(C)C)n1;1.0;0.9;-1.31;1.87;-0.68;-0.03;-0.11;-0.43;-0.16;-0.54;-0.56
CN(C)CCc1c[nH]c2ccc(Cn3cncn3)cc12;1.0;1.16;0.31;-0.28;0.57;0.23;-0.19;-0.98;-0.38;-0.03;-0.23
CCOC(=O)[C@H](CCc1ccccc1)N[C@@H](C)C(=O)N(CC(=O)O)C1Cc2ccccc2C1;1.0;0.18;-0.5;-0.28;0.73;0.03;0.18;-0.35;-0.4;0.89;0.98
O=C(O)CCC(=O)Nc1ccc(S(=O)(=O)Nc2nccs2)cc1;0.0;-1.06;-0.74;-0.28;0.17;1.29;-0.59;0.48;0.68;-1.29;-0.98
CC[C@H](C)C(=O)O[C@H]1C[C@H](O)C=C2C=C[C@H](C)[C@H](CC[C@@H](O)C[C@@H](O)CC(=O)O)[C@H]21;1.0;0.02;0.17;-0.28;0.81;0.59;0.11;-0.15;-0.1;-0.57;-0.99
O=C(O)c1cc(O)c2c(c1)C(C1c3cccc(O)c3C(=O)c3c(OC4OC(CO)C(O)C(O)C4O)cccc31)c1cccc(OC3OC(CO)C(O)C(O)C3O)c1C2=O;0.0;-0.71;0.75;-0.28;0.56;-0.65;2.57;1.3;-0.1;0.58;1.11
CO/N=C(\C(=O)N[C@@H]1C(=O)N2C(C(=O)O)=C(COC(C)=O)CS[C@H]12)c1csc(N)n1;0.0;-1.2;-0.03;-0.28;0.44;0.93;0.61;1.34;0.23;0.36;0.04
NNC(=O)NNN1C(=O)c2cc(S(=O)(=O)O)cc3c(N)c(S(=O)(=O)O)cc(c23)C1=O;0.0;-1.42;-0.35;-0.28;1.63;0.56;-0.1;1.19;1.85;0.16;-0.09
CC1OC(OC2CC(O)C3(CO)C4C(O)CC5(C)C(C6=CC(=O)OC6)CCC5(O)C4CCC3(O)C2)C(O)C(O)C1O;0.0;-0.01;0.65;-0.28;0.04;0.53;1.81;0.22;0.6;0.15;0.23
O=P(O)(O)C(Cc1ccc(Cl)cc1)P(=O)(O)O;0.0;-1.59;1.82;-0.28;-0.58;-0.42;-0.74;0.93;4.6;-4.05;-2.34
CC(N)(Cc1ccc(O)c(O)c1)C(=O)O;1.0;-2.0;0.97;-0.28;0.1;0.48;-0.69;1.84;0.28;2.28;0.91
C=C[C@H]1CN2CC[C@H]1C[C@@H]2[C@@H](O)c1ccnc2ccc(OC)cc12;1.0;0.98;0.38;-0.28;0.3;0.99;-0.3;-0.81;-0.52;0.14;-0.04
CCCC(C)(COC(N)=O)COC(N)=O;1.0;-2.26;0.24;-0.28;-0.58;-1.37;-0.73;0.89;0.08;-1.4;-1.02
C[N+]1(C)CCC(=C(c2ccccc2)c2ccccc2)CC1;0.0;1.51;1.82;1.87;0.59;-1.92;-0.56;-1.5;0.74;0.18;-0.03
NCCCCC(NC(CCc1ccccc1)C(=O)O)C(=O)N1CCCC1C(=O)O;0.0;-0.31;-0.06;-0.28;0.78;0.29;0.31;0.04;-0.27;0.98;1.06
CCC(=O)OC1(C(=O)SCF)C(C)CC2C3CC(F)C4=CC(=O)C=CC4(C)C3(F)C(O)CC21C;0.0;0.58;-1.29;-0.28;-0.73;0.74;-0.03;-0.59;0.84;0.43;0.52
CC1C(=O)OC2C(O)C34C5CC(C(C)(C)C)C36C(OC(=O)C6O)OC4(C(=O)O5)C12O;1.0;-0.49;-0.0;-0.28;-0.3;0.03;0.61;1.0;0.22;0.28;0.24
CN1C[C@H](C(=O)N[C@]2(C)O[C@@]3(O)[C@@H]4CCCN4C(=O)[C@H](Cc4ccccc4)N3C2=O)C=C2c3cccc4[nH]cc(c34)C[C@H]21;1.0;0.25;-0.31;-0.28;0.48;0.82;1.07;-0.48;0.17;0.05;-0.05
CCCc1nc2c(C)cc(-c3nc4ccccc4n3C)cc2n1Cc1ccc(-c2ccccc2C(=O)O)cc1;1.0;0.59;-0.19;-0.28;0.32;0.63;-0.6;-0.86;-0.06;0.08;-0.07
CC(=O)OCC1OC(S)C(OC(C)=O)C(OC(C)=O)C1OC(C)=O;0.0;-1.04;-0.11;-0.28;0.72;-2.06;0.21;1.23;-0.03;0.76;0.37
CCCCC1C(=O)N(c2ccccc2)N(c2ccccc2)C1=O;1.0;1.05;-1.49;-0.28;0.07;-0.76;-1.09;-1.11;-1.01;-0.15;-0.32
NS(=O)(=O)c1cc2c(cc1Cl)NCNS2(=O)=O;1.0;-0.41;-1.23;-0.28;-1.0;0.81;-0.78;0.06;2.0;-1.09;-0.72
O=C(OC1C[C@@H]2CC[C@H](C1)[N+]21CCCC1)C(O)(c1ccccc1)c1ccccc1;0.0;0.78;-0.12;1.87;0.37;-0.89;-0.15;-0.8;-0.27;0.35;0.34
CN1C(=O)CC(c2ccccc2)C1=O;1.0;0.55;-1.43;-0.28;-1.27;0.42;-0.77;-0.74;2.0;-0.81;-0.59
C[C@H](CCC(=O)O)[C@H]1CC[C@H]2[C@H]3[C@H](CC[C@@]21C)[C@@]1(C)CC[C@@H](O)C[C@H]1C[C@H]3O;1.0;0.63;0.11;-0.28;-0.11;-0.44;-0.51;-0.89;0.39;-0.18;-0.47
O/N=C/c1cc[n+](COC[n+]2ccc(/C=N/O)cc2)cc1;0.0;0.47;0.0;4.02;0.53;-0.99;-0.79;0.22;-1.83;-0.04;-0.24
Nc1ncnc2c1ncn2[C@@H]1O[C@H](CO)[C@@H](O)[C@@H]1O;0.0;-0.98;1.56;-0.28;0.85;1.22;0.19;1.3;0.66;1.2;0.5
NNC(=O)c1ccncc1;1.0;0.17;-0.13;-0.28;-1.93;1.33;-1.12;0.12;-2.38;1.56;0.12
COc1cccc2c1C(=O)c1c(O)c3c(c(O)c1C2=O)CC(O)(C(C)=O)CC3OC1CC(N)C(O)C(C)O1;0.0;-0.07;0.25;-0.28;0.88;0.74;0.6;0.64;0.64;-0.39;-0.71
COc1ccc(CCN(C)CCC[C@@](C#N)(c2cc(OC)c(OC)c(OC)c2)C(C)C)cc1OC;1.0;0.83;0.27;-0.28;0.63;-1.33;0.22;-0.26;-0.77;1.18;1.35
CN1[C@H]2CC(OC(=O)[C@H](CO)c3ccccc3)C[C@@H]1[C@H]1O[C@@H]21;1.0;0.6;-0.08;-0.28;0.2;0.29;0.2;-0.31;-0.27;-0.44;-0.6
COC1(NC(=O)Cc2cccs2)C(=O)N2C(C(=O)O)=C(COC(N)=O)CSC21;0.0;-1.71;0.1;-0.28;0.62;1.03;0.32;1.29;0.14;0.67;0.28
Cc1ccc(C(=O)Nc2ccc(S(=O)(=O)O)c3cc(S(=O)(=O)O)cc(S(=O)(=O)O)c23)cc1NC(=O)c1cccc(NC(=O)Nc2cccc(C(=O)Nc3cc(C(=O)Nc4ccc(S(=O)(=O)O)c5cc(S(=O)(=O)O)cc(S(=O)(=O)O)c45)ccc3C)c2)c1;0.0;-0.74;-1.02;-0.28;-0.43;-1.08;1.47;0.17;-0.57;-0.37;-0.96
CC(=O)N(O)CCCCCNC(=O)CCC(=O)N(O)CCCCCNC(=O)CCC(=O)N(O)CCCCCN;0.0;0.44;-0.59;-0.28;0.46;-2.01;1.26;-0.41;-0.82;0.2;0.2
CC1(C)[C@@H](C(=O)O)N2C(=O)C[C@H]2S1(=O)=O;0.0;-0.7;-1.13;-0.28;-3.01;-0.58;-0.16;0.77;-2.38;1.21;0.44
O=C(NC[C@H]1CCCCN1)c1cc(OCC(F)(F)F)ccc1OCC(F)(F)F;1.0;-0.17;-0.94;-0.28;0.63;-0.21;-0.05;0.54;0.61;0.62;0.38
CC(C)[N+]1(C)C2CCC1CC(OC(=O)C(CO)c1ccccc1)C2;0.0;0.78;-0.0;1.87;0.52;-0.34;0.02;-0.77;0.06;-0.4;-0.67
COc1cc([C@@H]2c3cc4c(cc3[C@@H](O[C@@H]3O[C@@H]5CO[C@@H](C)O[C@H]5[C@H](O)[C@H]3O)[C@H]3COC(=O)[C@H]23)OCO4)cc(OC)c1O;1.0;-0.37;0.49;-0.28;0.56;0.66;1.07;1.14;0.16;1.16;1.62
O=S(=O)(O)CCS;1.0;-0.65;-1.07;-0.28;-3.01;0.09;-0.75;0.07;-2.38;-1.67;-0.56
OCC(O)C(O)C(O)C(O)CO;0.0;-1.21;1.95;-0.28;-2.76;-1.9;0.42;1.79;-2.38;2.15;0.85
COc1ccc(C[C@@H](C)NC[C@H](O)c2ccc(O)c(NC=O)c2)cc1;1.0;0.09;0.55;-0.28;-0.17;0.88;-0.43;0.07;-0.08;0.64;0.37
O=C(c1ccc(OCCN2CCCCC2)cc1)c1c(-c2ccc(O)cc2)sc2cc(O)ccc12;1.0;0.5;0.04;-0.28;0.53;0.07;-0.14;-0.31;-0.58;-0.07;-0.26
CN(C(=O)C(Cl)Cl)c1ccc(O)cc1;1.0;-0.21;-0.35;-0.28;-0.09;0.86;-0.79;0.32;2.28;0.16;-0.18
CC[C@H](C)C(=O)O[C@H]1C[C@@H](C)C=C2C=C[C@H](C)[C@H](CC[C@@H]3C[C@@H](O)CC(=O)O3)[C@H]21;1.0;0.54;-0.47;-0.28;1.01;0.2;-0.46;-0.7;-0.28;-0.38;-0.73
Cc1cc(O)c2c(c1)C(=O)c1cccc(O)c1C2=O;1.0;-0.21;-0.36;-0.28;-0.47;0.53;-0.82;0.73;1.13;-1.01;-0.74
O=P1(NCCCl)OCCCN1CCCl;1.0;0.0;0.53;-0.28;-2.27;-0.14;-0.26;-0.74;0.72;-0.14;-0.29
C#C[C@]1(OC(C)=O)CC[C@H]2[C@@H]3CCC4=C[C@@H](OC(C)=O)CC[C@@H]4[C@H]3CC[C@@]21C;1.0;0.55;-0.88;-0.28;-0.39;-0.06;-0.77;-0.86;0.6;-0.16;-0.4
C[NH2+]CCc1ccccn1;1.0;0.38;2.34;1.87;-0.76;0.36;-0.91;-0.39;2.0;0.65;0.03
Cc1cc(CC(=O)O)n(C)c1C(=O)c1ccc(Cl)cc1;1.0;0.15;-0.74;-0.28;-0.93;0.84;-0.83;-0.17;0.7;-0.54;-0.52
Cc1cc(C#N)cc(C)c1Oc1nc(Nc2ccc(C#N)cc2)nc(N)c1Br;0.0;-0.09;0.46;-0.28;1.42;0.51;-1.14;-0.36;-0.3;-1.35;-1.14
C[C@@]12CCC3=C4CCC(=O)C=C4CC[C@H]3[C@@H]1CC[C@]2(O)CC#N;1.0;1.16;-0.77;-0.28;-0.05;0.6;-0.97;-1.32;0.82;-0.18;-0.4
C[C@H]1c2cccc(O)c2C(O)=C2C(=O)[C@]3(O)C(=O)/C(=C(/N)O)C(=O)[C@@H](N(C)C)[C@@H]3[C@@H](O)[C@@H]21;1.0;-0.52;0.4;-0.28;-0.3;0.66;0.73;1.13;0.7;-1.31;-1.77
CN(C)[C@@H]1C(O)=C(C(N)=O)C(=O)[C@@]2(O)C(=O)C3=C(O)c4c(O)cccc4[C@@](C)(O)[C@H]3[C@H](O)[C@@H]12;1.0;-0.71;0.58;-0.28;-0.13;0.68;0.87;1.35;0.58;-1.05;-1.48
CC(C)(C)NC[C@H](O)COc1cccc2c1CCC(=O)N2;1.0;0.41;0.3;-0.28;-0.66;-0.46;-0.45;-0.42;0.14;-0.02;-0.22
NC1C(=O)NC2Cc3ccc(c(Cl)c3)Oc3cc4cc(c3O)Oc3ccc(cc3Cl)C(O)C3NC(=O)C(NC(=O)C4NC(=O)C(NC2=O)c2cc(O)cc(c2)Oc2cc1ccc2O)c1ccc(O)c(c1)-c1c(O)cc(O)cc1C(C(=O)O)NC3=O;0.0;-1.21;0.41;-0.28;0.3;0.42;1.12;1.43;-0.19;1.63;4.43
O=C(O)[C@H](CCc1ccccc1)N[C@H]1CCCN2CCC[C@@H](C(=O)O)N2C1=O;0.0;-0.14;-0.39;-0.28;0.13;-0.04;0.45;0.05;0.09;0.79;0.8
COc1ccccc1OCCNC[C@H](O)OCc1cccc2[nH]c3ccccc3c12;1.0;0.5;0.67;-0.28;0.2;0.49;-0.25;-0.21;-0.43;1.12;0.91
NCCc1ccc(O)c(O)c1;0.0;-1.05;1.51;-0.28;-1.21;0.38;-0.96;1.16;-2.38;1.75;0.4
CCCC[N+]1(C)C2CC(OC(=O)C(CO)c3ccccc3)CC1C1OC12;0.0;0.75;0.01;1.87;0.05;0.26;0.37;-0.54;0.14;-0.12;-0.32
CN1C(=O)CN=C(c2ccccc2F)c2cc([N+](=O)[O-])ccc21;1.0;0.91;-2.04;1.87;0.95;0.93;-0.6;-0.51;0.23;0.29;-0.03
C[C@H]1O[C@H](O[C@@H]2[C@@H](CO)O[C@H](O[C@H]([C@@H](O)[C@@H](O)C=O)[C@H](O)CO)[C@H](O)[C@H]2O)[C@H](O)[C@@H](O)[C@@H]1N[C@H]1C=C(CO)[C@@H](O)[C@H](O)[C@H]1O;0.0;-0.6;1.39;-0.28;0.65;0.3;4.02;1.25;0.62;1.67;3.13
CN[C@H](CC(C)C)C(=O)N[C@@H]1C(=O)N[C@@H](CC(N)=O)C(=O)N[C@@H]2C(=O)N[C@H]3C(=O)N[C@H](C(=O)N[C@H](C(=O)O)c4cc(O)cc(O)c4-c4cc3ccc4O)[C@@H](O)c3ccc(c(Cl)c3)Oc3cc2cc(c3O[C@@H]2O[C@H](CO)[C@H](O)[C@@H](O)[C@H]2O[C@@H]2C[C@](C)(N)[C@@H](O)[C@H](C)O2)Oc2ccc(cc2Cl)[C@H]1O;0.0;-0.78;0.5;-0.28;0.55;0.52;3.71;0.92;-0.01;1.24;4.72
CC(=O)S[C@@H]1CC2=CC(=O)CC[C@]2(C)[C@H]2CC[C@@]3(C)[C@@H](CC[C@@]34CCC(=O)O4)[C@@H]21;1.0;0.86;-1.38;-0.28;0.67;0.4;-0.66;-1.12;0.67;-0.15;-0.39
CCN1CCN(C(=O)N[C@@H](C(=O)N[C@@H]2C(=O)N3[C@@H](C(=O)O)C(C)(C)S[C@H]23)c2ccccc2)C(=O)C1=O;0.0;-0.75;-0.6;-0.28;0.5;0.57;1.2;0.46;-0.03;1.13;1.25
Cc1[nH]c(=O)c(C#N)cc1-c1ccncc1;1.0;0.58;-0.78;-0.28;-1.29;1.17;-1.14;-0.6;-0.01;-0.79;-0.54
Cc1n[nH+]c2n1-c1ccc(Cl)cc1C(c1ccccc1Cl)=NC2;1.0;0.83;-0.91;1.87;0.34;0.95;-0.99;-0.92;-0.34;0.33;-0.0
CCC1(c2ccccc2)C(=O)NC(=O)NC1=O;1.0;-0.57;-0.95;-0.28;-1.75;-0.09;-0.93;-0.04;0.08;-2.6;-1.66
O[C@H](c1cc(C(F)(F)F)nc2c(C(F)(F)F)cccc12)[C@H]1CCCCN1;1.0;0.15;-1.17;-0.28;-0.0;0.7;-0.8;-0.17;-0.38;0.5;0.23
NC[C@H]1O[C@H](O[C@@H]2[C@@H](N)C[C@@H](N)[C@H](O[C@H]3O[C@H](CO)[C@@H](O)[C@H](N)[C@H]3O)[C@@H]2O)[C@H](N)C[C@@H]1O;0.0;-0.39;1.56;-0.28;0.92;0.1;1.92;0.68;0.9;1.41;2.12
Cc1cccc(OCC(O)CNC(C)C)c1;1.0;0.75;0.86;-0.28;0.04;-0.06;-0.59;-0.62;0.22;0.37;0.03
COc1ccc(CC2c3cc(OC)c(OC)cc3CC[N+]2(C)CCC(=O)OCCCCCOC(=O)CC[N+]2(C)CCc3cc(OC)c(OC)cc3C2Cc2ccc(OC)c(OC)c2)cc1OC;0.0;0.55;0.1;4.02;0.41;-2.25;2.11;0.02;0.14;0.93;2.4
COc1ccc2c(c1)c(CC(=O)O)c(C)n2C(=O)c1ccc(Cl)cc1;1.0;-0.04;-0.52;-0.28;-0.08;1.02;-0.64;-0.01;0.22;-0.41;-0.49
CN1C[C@H](C(=O)N[C@]2(C)O[C@@]3(O)[C@@H]4CCCN4C(=O)[C@H](Cc4ccccc4)N3C2=O)C[C@@H]2c3cccc4[nH]cc(c34)C[C@H]21;1.0;0.29;-0.32;-0.28;0.49;0.84;1.07;-0.53;0.17;0.02;-0.09
CN(C)CCC=C1c2ccccc2CSc2ccccc21;1.0;1.49;0.55;-0.28;0.79;-0.33;-0.72;-1.61;0.2;-0.03;-0.22
Cc1ccc(-c2cc(C(F)(F)F)nn2-c2ccc(S(N)(=O)=O)cc2)cc1;1.0;0.52;-1.64;-0.28;-0.05;0.88;-0.92;-0.65;0.34;0.01;-0.2
O=C([O-])CN(CCN(CC(=O)[O-])CC(=O)[O-])CC(=O)[O-];0.0;0.42;-0.84;-0.28;0.93;-3.81;0.55;3.16;-0.41;1.17;0.42
N=C(N)c1ccc(OCCCCCOc2ccc(C(=N)N)cc2)cc1;0.0;-0.07;1.15;-0.28;0.77;-1.12;-0.74;0.02;-0.8;-0.36;-0.51
CN1CCN(CC(=O)N2c3ccccc3C(=O)Nc3cccnc32)CC1;0.0;0.52;-0.45;-0.28;0.49;-0.22;0.37;-0.61;-1.22;0.26;0.05
OC1(c2ccc(Cl)cc2)c2ccccc2C2=NCCN21;1.0;0.55;-0.11;-0.28;-1.18;1.08;-0.63;-0.84;1.24;-0.2;-0.34
CC1C(=O)OC2CC34C5CC(C(C)(C)C)C36C(OC(=O)C6O)OC4(C(=O)O5)C21O;1.0;-0.37;-0.21;-0.28;-0.1;-0.09;0.31;0.74;0.22;0.33;0.3
CN1CCN(C(=O)O[C@@H]2c3nccnc3C(=O)N2c2ccc(Cl)cn2)CC1;1.0;-0.25;-0.36;-0.28;1.11;0.26;0.47;0.09;-0.44;-0.59;-0.68
COc1ccc2c(c1)C(=O)N(CCc1ccc(S(=O)(=O)NC(=O)NC3CCCCC3)cc1)C(=O)C2(C)C;1.0;0.18;-1.26;-0.28;1.09;-0.04;-0.04;-0.57;-0.1;-0.68;-1.15
CCCSc1nc(N[C@@H]2C[C@H]2c2ccc(F)c(F)c2)c2nnn([C@@H]3C[C@H](OCCO)[C@@H](O)[C@H]3O)c2n1;1.0;0.41;-0.29;-0.28;0.93;1.0;0.83;-0.25;-0.22;0.25;0.15
CCc1oc2ccccc2c1C(=O)c1cc(Br)c(O)c(Br)c1;1.0;0.39;-0.4;-0.28;-0.23;1.05;-1.12;-0.18;1.01;0.25;-0.07
Nc1ccn(C[C@@H](CO)OCP(=O)(O)O)c(=O)n1;0.0;-1.98;1.63;-0.28;0.39;0.73;-0.24;1.45;1.9;-0.03;-0.24
COc1cccc(C[C@@H](C)N)c1;1.0;0.81;0.97;-0.28;-0.76;0.34;-1.05;-0.68;-2.38;-0.24;-0.33
NC1[C@@H]2CN(c3nc4c(cc3F)c(=O)c(C(=O)O)cn4-c3ccc(F)cc3F)C[C@H]12;1.0;-0.06;-0.88;-0.28;0.47;0.97;-0.34;0.3;0.1;-0.82;-0.91
CC(C)NC[C@@H](O)COc1cccc2ccccc12;1.0;0.81;0.75;-0.28;-0.18;-0.14;-0.59;-0.69;-0.48;0.5;0.16
Cc1onc(-c2c(F)cccc2Cl)c1C(=O)N[C@@H]1C(=O)N2[C@@H](C(=O)O)C(C)(C)S[C@H]12;1.0;-0.16;-0.87;-0.28;-0.32;0.6;0.07;0.28;0.25;0.15;-0.07
CCC(=O)O[C@](Cc1ccccc1)(c1ccccc1)[C@H](C)CN(C)C;1.0;0.97;-0.48;-0.28;-0.26;-0.74;-0.56;-1.13;-0.47;-0.13;-0.32
N#Cc1ccc(C(c2ccc(C#N)cc2)n2cncn2)cc1;1.0;1.16;-1.16;-0.28;0.18;-0.17;-1.01;-1.14;0.21;0.2;-0.11
CCc1ccc(CCOc2ccc(CC3SC(=O)NC3=O)cc2)nc1;1.0;0.46;-0.73;-0.28;-0.17;0.93;-0.66;-0.57;-1.06;-0.86;-0.89
CCC1=C(C)CN(C(=O)NCCc2ccc(S(=O)(=O)NC(=O)NC3CCC(C)CC3)cc2)C1=O;1.0;-0.08;-1.29;-0.28;0.82;0.32;-0.06;-0.66;-0.37;-1.07;-1.66
C[C@@H](CN(C)C)CN1c2ccccc2Sc2ccccc21;1.0;1.36;0.82;-0.28;0.55;-1.09;-0.55;-1.42;0.39;0.14;-0.09
CCOC(=O)C1=C(C)NC(C)=C(C(=O)OCC)C1c1ccccc1/C=C/C(=O)OC(C)(C)C;1.0;0.11;-0.53;-0.28;0.42;-1.23;-0.42;-0.29;0.2;-1.02;-1.34
COc1cc2nc(N3CCN(C(=O)[C@@H]4COc5ccccc5O4)CC3)nc(N)c2cc1OC;1.0;-0.13;0.31;-0.28;0.23;-0.57;0.57;0.64;-0.2;0.71;0.57
NCC[C@@H](O)C(=O)N[C@@H]1C[C@H](N)[C@@H](O[C@H]2O[C@H](CN)[C@@H](O)[C@H](O)[C@H]2O)[C@H](O)[C@H]1O[C@H]1O[C@H](CO)[C@@H](O)[C@H](N)[C@H]1O;0.0;-0.63;1.44;-0.28;1.01;0.31;2.99;0.98;0.46;1.59;2.91
O=C(OCCN1CCN(c2cccc(C(F)(F)F)c2)CC1)c1ccccc1Nc1ccnc2cc(C(F)(F)F)ccc12;1.0;0.29;-1.25;-0.28;0.09;0.13;0.07;-0.27;-0.43;0.08;-0.07
CN(C)Cc1nnc2n1-c1ccc(Cl)cc1C(c1ccccc1)=NC2;1.0;1.13;-0.74;-0.28;0.45;0.24;-0.35;-1.19;-0.27;0.35;0.07
COc1ccc2c(c1OC)C(=O)O[C@@H]2[C@H]1c2c(cc3c(c2OC)OCO3)CCN1C;1.0;0.0;0.1;-0.28;-0.23;-0.18;0.0;0.92;0.24;0.77;0.52
C#C[C@@]1(O)CC[C@H]2[C@@H]3CCc4cc(OC)ccc4[C@H]3CC[C@@]21C;1.0;1.0;0.28;-0.28;-0.18;0.5;-0.93;-1.08;0.82;0.11;-0.04
CC1(C)S[C@@H]2[C@H](NC(=O)[C@H](C(=O)O)c3ccsc3)C(=O)N2[C@H]1C(=O)O;0.0;-1.13;-0.26;-0.28;0.28;0.55;0.23;1.12;0.18;-0.17;-0.33
CC[C@H](C)n1ncn(-c2ccc(N3CCN(c4ccc(OC[C@H]5CO[C@](Cn6cncn6)(c6ccc(Cl)cc6Cl)O5)cc4)CC3)cc2)c1=O;1.0;0.7;-0.38;-0.28;0.36;0.25;0.59;-0.61;-0.66;-0.02;-0.18
C[C@H](O)[C@H]1C(=O)N2C(C(=O)O)=C(S[C@H]3CC[C@@H](C(=O)N(C)C)N3)[C@H](C)[C@H]12;0.0;-0.21;-0.17;-0.28;-0.33;0.31;0.61;0.11;0.07;0.56;0.39
CN(C)[C@@H]1C(O)=C(C(N)=O)C(=O)[C@@]2(O)C(O)=C3C(=O)c4c(O)cccc4[C@@](C)(O)[C@H]3C[C@@H]12;1.0;-0.61;0.4;-0.28;-0.16;0.58;0.57;1.12;0.74;-0.65;-0.97
CC#Cc1cn([C@@H]2O[C@H](CO)[C@@H](O)[C@@H]2O)c(=O)[nH]c1=O;0.0;-1.1;0.73;-0.28;0.64;1.05;-0.07;1.07;0.67;0.22;-0.07
c1ccc(C2(c3ccccc3)CC2C2=NCCN2)cc1;1.0;1.13;0.63;-0.28;-1.14;-0.74;-0.9;-1.27;-1.04;-0.31;-0.43
CC(=O)Oc1ccc2c3c1O[C@H]1[C@@H](OC(C)=O)C=C[C@H]4[C@@H](C2)N(C)CCC[C@]314;1.0;0.31;-0.56;-0.28;0.79;0.5;-0.1;-0.22;0.73;0.48;0.41
CCc1cccc2c3c([nH]c12)[C@](CC)(CC(=O)O)OCC3;1.0;0.3;-0.04;-0.28;-0.26;0.59;-0.8;-0.42;0.54;-0.36;-0.5
Cn1nnnc1SCC1=C(C(=O)[O-])N2C(=O)[C@@H](NC(=O)[C@H](OC=O)c3ccccc3)[C@H]2SC1;0.0;-0.03;-0.96;-0.28;0.56;1.08;0.53;0.73;0.27;2.25;1.69
CC(C)(C)NC(=O)C1CN(Cc2cccnc2)CCN1CC(O)CC(Cc1ccccc1)C(=O)NC1c2ccccc2CC1O;0.0;0.74;0.08;-0.28;0.67;-0.02;0.92;-0.82;-0.1;0.06;0.0
CCC(C)(C)C1C(=O)N2CCCC2C2(O)OC(NC(=O)C3CC4c5cccc6[nH]cc(c56)CC4N(C)C3)(C(C)C)C(=O)N12;0.0;0.35;-0.3;-0.28;0.13;0.37;1.07;-0.67;0.48;0.12;0.13
CO/N=C(\C(=O)N[C@@H]1C(=O)N2C(C(=O)O)=C(CSc3nc(=O)c(=O)[nH]n3C)CS[C@H]12)c1csc(N)n1;0.0;-0.93;-0.11;-0.28;0.33;1.06;0.82;1.23;0.26;1.12;0.74
CC(C)(Sc1cc(C(C)(C)C)c(O)c(C(C)(C)C)c1)Sc1cc(C(C)(C)C)c(O)c(C(C)(C)C)c1;0.0;0.85;0.76;-0.28;1.58;-4.98;-1.02;-1.2;-1.17;-0.2;-0.46
COc1ccnc(CS(=O)c2nc3cc(OC(F)F)ccc3[nH]2)c1OC;1.0;-0.22;-0.54;-0.28;-0.09;0.43;-0.34;0.75;-0.31;0.8;0.26
CC(C(=O)O)c1ccc(C(=O)c2cccs2)cc1;1.0;0.05;-0.85;-0.28;1.01;1.29;-0.96;-0.2;0.81;0.05;-0.2
CNCC[C@@H](Oc1ccc(C(F)(F)F)cc1)c1ccccc1;1.0;0.58;-1.22;-0.28;-0.08;0.35;-1.04;-0.59;0.05;0.17;-0.09
CC(=O)N[C@@H]1[C@@H](NC(=N)N)C=C(C(=O)O)O[C@H]1[C@H](O)[C@H](O)CO;0.0;-2.1;1.27;-0.28;0.46;1.11;0.61;2.02;-0.26;0.8;0.46
N=C(N)c1ccc(CNC(=O)[C@@H]2CCN2C(=O)[C@H](NCC(=O)O)C2CCCCC2)cc1;0.0;-0.26;-0.08;-0.28;0.26;0.39;0.17;-0.05;-0.4;0.81;0.86
C[C@]12C[C@H](O)[C@H]3[C@@H](CCC4=CC(=O)C=C[C@@]43C)[C@@H]1CC[C@]2(O)C(=O)CO;1.0;0.68;-0.25;-0.28;-0.43;0.81;-0.2;-0.66;0.74;0.24;0.17
CC(O)C(CO)NC(=O)C1CSSCC(NC(=O)C(N)Cc2ccccc2)C(=O)NC(Cc2ccccc2)C(=O)NC(Cc2c[nH]c3ccccc23)C(=O)NC(CCCCN)C(=O)NC(C(C)O)C(=O)N1;0.0;-0.06;0.08;-0.28;0.51;-0.27;2.53;-0.12;-0.17;1.21;3.35
COc1cccc([C@@]2(O)CCCC[C@@H]2CN(C)C)c1;1.0;1.0;0.6;-0.28;-1.14;-0.25;-0.4;-0.87;0.08;-0.05;-0.24
CN1c2ccccc2N(CCCCCCC(=O)O)c2ccc(Cl)cc2S1(=O)=O;1.0;0.3;-1.26;-0.28;-0.43;0.29;-0.52;-0.58;-0.38;-0.1;-0.3
CC(=O)O[C@H]1C[C@@]2(C)[C@@H](C[C@@H](O)[C@@H]3[C@@]4(C)CC[C@@H](O)[C@@H](C)[C@@H]4CC[C@@]32C)/C1=C(\CCC=C(C)C)C(=O)O;1.0;0.46;-0.15;-0.28;0.29;-0.24;-0.19;-0.73;0.18;-0.2;-0.54
CC(=O)O[C@H]1CC[C@@]2(C)C(=CC[C@H]3[C@@H]4CC=C(c5cccnc5)[C@@]4(C)CC[C@@H]32)C1;1.0;1.07;-0.82;-0.28;0.15;0.22;-0.95;-1.29;-0.07;-0.18;-0.42
O=C(O)CN(CCN(CC(=O)O)CC(=O)O)CC(=O)O;0.0;-3.02;0.68;-0.28;0.64;-3.59;1.09;2.66;-0.41;1.73;0.84
CC[C@@H](CO)NC(=O)[C@@H]1C=C2c3cccc4c3c(cn4C)C[C@H]2N(C)C1;1.0;0.84;0.13;-0.28;0.54;0.75;0.01;-0.84;0.61;0.13;-0.04
O=C1C(=O)c2ccccc2C(O)=C1C1CCC(c2ccc(Cl)cc2)CC1;0.0;0.86;-1.16;-0.28;-0.13;-0.4;-0.96;-0.74;-0.35;-0.2;-0.38
CN(CCCCCCN(C)C(=O)Oc1ccc[n+](C)c1)C(=O)Oc1ccc[n+](C)c1;0.0;-0.14;-0.14;4.02;0.68;-1.56;-0.09;-0.18;-0.82;0.72;0.61
Cc1nc(-c2ccc(OCC(C)C)c(C#N)c2)sc1C(=O)O;1.0;0.03;-0.19;-0.28;-0.16;0.13;-0.8;0.0;0.78;-0.0;-0.22
Oc1ccc2c3c1O[C@@H]1[C@@H](O)CC[C@@]4(O)[C@H](C2)N(CC2CCC2)CC[C@@]314;1.0;0.46;0.52;-0.28;-0.73;0.68;0.12;-0.22;0.04;0.74;0.85
Cc1ccc(NC(=O)c2ccc(CN3CCNCC3)cc2)cc1Nc1nccc(-c2cccnc2)n1;1.0;0.62;0.22;-0.28;0.58;0.62;-0.02;-0.85;-0.16;-0.33;-0.57
CNC(=O)c1ccc(N2C(=S)N(c3ccc(C#N)c(C(F)(F)F)c3)C(=O)C2(C)C)cc1F;1.0;-0.06;-1.23;-0.28;0.43;0.3;-0.62;-0.25;1.15;-0.42;-0.56
CC(C)CC(NC(=O)C(Cc1ccc2ccccc2c1)NC(=O)C(Cc1ccc(O)cc1)NC(=O)C(CO)NC(=O)C(Cc1c[nH]c2ccccc12)NC(=O)C(Cc1cnc[nH]1)NC(=O)C1CCC(=O)N1)C(=O)NC(CCCNC(=N)N)C(=O)N1CCCC1C(=O)NCC(N)=O;0.0;-0.4;-0.1;-0.28;0.76;0.01;3.46;0.12;-0.17;0.9;3.31
CC(=O)Oc1c(C)c(C)c2c(c1C)CCC(C)(CCCC(C)CCCC(C)CCCC(C)C)O2;1.0;1.02;-0.32;-0.28;-0.8;-1.95;-1.1;-1.33;-0.2;-0.17;-0.44
COc1cc2c(cc1OC)CN(C(=O)[C@H](C)N[C@@H](CCc1ccccc1)C(=O)O)[C@H](C(=O)O)C2;0.0;-0.35;-0.07;-0.28;0.37;0.12;0.34;0.45;0.57;1.52;1.66
CC(=O)CCCCn1c(=O)c2c(ncn2C)n(C)c1=O;1.0;-0.09;-0.85;-0.28;-0.38;-0.13;-0.75;-0.28;0.68;-0.24;-0.37
CN1C(=O)C[C@@](C)(c2ccccc2)C1=O;1.0;0.61;-1.43;-0.28;-1.69;0.14;-0.77;-0.86;2.0;-0.53;-0.5
C[n+]1ccccc1/C=N/O;0.0;0.73;-0.33;1.87;-2.52;0.94;-1.1;-0.08;-2.38;0.06;-0.22
Cc1nc(NCc2cccnc2)c(C#N)c(=O)[nH]1;1.0;0.13;-0.05;-0.28;0.73;1.08;-1.01;-0.12;-0.45;-2.5;-1.37
CC(=O)OC1CC2CCC3C(CCC4(C)C3CC([N+]3(C)CCCCC3)C4OC(C)=O)C2(C)CC1[N+]1(C)CCCCC1;0.0;0.9;-0.35;4.02;-0.08;-1.42;0.88;-1.04;0.05;0.29;0.72
CCN1CCC[C@H]1CNC(=O)c1cc(S(=O)(=O)CC)ccc1OC;1.0;0.73;-1.16;-0.28;1.64;0.41;0.14;-0.65;-0.84;-0.03;-0.22
O=C1OC2(c3ccc(O)cc3Oc3cc(O)ccc32)c2ccccc21;1.0;-0.66;0.12;-0.28;-0.06;-0.1;-0.97;1.04;1.37;-1.16;-1.03
Cc1ccc(-c2ncc(Cl)cc2-c2ccc(S(C)(=O)=O)cc2)cn1;1.0;1.18;-2.03;-0.28;0.41;0.85;-0.75;-1.27;0.57;-0.08;-0.26
CO/N=C(\C(=O)N[C@@H]1C(=O)N2C(C(=O)O)=C(CSc3nc(C)c(CC(=O)O)s3)CS[C@H]12)c1csc(N)n1;0.0;-1.04;0.01;-0.28;0.17;1.02;0.86;1.03;0.04;0.07;-0.14
O=C1CN(/N=C/c2ccc([N+](=O)[O-])o2)C(=O)N1;1.0;-1.17;-0.93;1.87;0.77;1.46;-0.48;1.59;0.21;0.09;-0.21
COc1ccc2[n-]c(S(=O)Cc3ncc(C)c(OC)c3C)nc2c1;1.0;1.02;-0.52;-0.28;0.45;-0.3;-0.65;0.03;-0.09;-0.17;-0.32
CN(C)C(=O)Oc1cccc([N+](C)(C)C)c1;0.0;-0.04;0.02;1.87;1.47;-1.97;-0.17;-0.41;1.46;-0.08;-0.26
CNC(=O)Oc1ccc2c(c1)[C@]1(C)CCN(C)[C@@H]1N2C;0.0;0.01;-0.03;-0.28;0.62;0.35;-0.21;-0.45;0.97;-0.26;-0.41
CC(=O)NCCCS(=O)(=O)O;0.0;-0.67;-1.02;-0.28;1.71;0.02;-0.57;0.08;-2.38;-1.17;-0.66
CN(C)CC[C@H](c1ccccc1)c1ccccn1;1.0;1.46;0.49;-0.28;-0.17;-0.22;-0.59;-1.46;-0.34;-0.18;-0.33
N=C(N)NC[C@@H]1COc2ccccc2O1;1.0;-0.91;1.16;-0.28;0.27;0.36;-0.73;1.04;1.26;-0.4;-0.42
CNCCc1ccccn1;1.0;1.22;1.1;-0.28;-0.7;0.55;-0.91;-1.18;2.0;-0.25;-0.32
COCCc1ccc(OC[C@@H](O)CNC(C)C)cc1;1.0;0.82;0.74;-0.28;-0.29;0.07;-0.22;-0.55;0.56;0.35;0.07
CCN(CC)C(=O)c1cccnc1;1.0;0.8;-0.84;-0.28;-1.24;-1.07;-0.63;-0.91;2.0;-0.25;-0.34
CCCCCC(=O)O[C@]1(C(C)=O)CC[C@H]2[C@@H]3C=CC4=CC(=O)CC[C@]4(C)[C@H]3CC[C@@]21C;1.0;0.96;-1.32;-0.28;0.31;0.38;-0.79;-1.19;0.65;0.1;0.03
CN(C)CC/C=C1/c2ccccc2COc2ccc(CC(=O)O)cc21;1.0;0.53;-0.13;-0.28;1.08;0.28;-0.43;-0.47;-0.07;-0.2;-0.37
CC(C)N(CC[C@](C([N-2])=O)(c1ccccc1)c1ccccn1)C(C)C;1.0;1.79;-0.98;-0.28;1.64;-1.23;-0.48;1.81;-0.59;-0.54;-0.74
NC(=O)N1C(=O)/C(=C(/O)c2cccs2)c2cc(Cl)ccc21;1.0;-1.0;-0.18;-0.28;-0.29;1.53;-0.95;0.56;-0.69;-2.08;-1.23
CC(O)(P(=O)(O)O)P(=O)(O)O;0.0;-4.18;3.16;-0.28;-3.01;-2.27;-0.61;3.18;-2.38;-0.49;-0.4
COCCOC(=O)C1=C(C)NC(C)=C(C(=O)OC(C)C)C1c1cccc([N+](=O)[O-])c1;1.0;0.34;-1.06;1.87;0.89;-0.28;-0.25;-0.04;0.93;-0.64;-0.79
CC(C[N+](C)(C)C)OC(N)=O;0.0;-0.87;0.46;1.87;-3.01;-2.35;-0.22;0.22;-2.38;-0.13;-0.29
CCOC(=O)C1(c2ccccc2)CCN(C)CC1;1.0;0.86;-0.54;-0.28;-1.18;-0.58;-0.4;-0.87;0.56;-0.08;-0.27
COCCOC[C@H](CC1(C(=O)NC2CCC(C(=O)O)CC2)CCCC1)C(=O)Oc1ccc2c(c1)CCC2;1.0;0.34;-0.4;-0.28;0.62;-0.06;0.09;-0.46;-0.26;-0.1;-0.31
O=C(O)c1cc2ccccc2c(Cc2c(O)c(C(=O)O)cc3ccccc23)c1O;0.0;-1.06;0.17;-0.28;0.68;-1.23;-0.54;1.12;0.08;-1.06;-1.07
CNCCCC12CCC(c3ccccc31)c1ccccc12;1.0;1.42;1.39;-0.28;-0.64;-1.04;-1.04;-1.61;-0.42;-0.02;-0.21
C=CC[C@@H]1/C=C(/C)C[C@H](C)C[C@H](OC)[C@H]2O[C@@](O)(C(=O)C(=O)N3CCCC[C@H]3C(=O)O[C@H](/C(C)=C/[C@@H]3CC[C@@H](O)[C@H](OC)C3)[C@H](C)[C@@H](O)CC1=O)[C@H](C)C[C@@H]2OC;0.0;0.66;-0.14;-0.28;0.69;-0.14;1.97;-0.54;-0.22;0.36;0.94
CC[C@H]1OC(=O)[C@H](C)[C@@H](O[C@H]2C[C@@](C)(OC)[C@@H](O)[C@H](C)O2)[C@H](C)[C@@H](O[C@@H]2O[C@H](C)C[C@H](N(C)C)[C@H]2O)[C@](C)(O)C[C@@H](C)C(=O)[C@H](C)[C@@H](O)[C@]1(C)O;1.0;0.44;0.38;-0.28;1.18;-0.23;2.55;-0.35;0.53;0.34;0.82
CC1OC(OC2C(O)CC(OC3C(O)CC(OC4CCC5(C)C(CCC6C5CCC5(C)C(C7=CC(=O)OC7)CCC65O)C4)OC3C)OC2C)CC(O)C1O;1.0;0.44;0.33;-0.28;0.17;-0.74;1.9;-0.39;0.07;0.04;0.07
N=C(NCCCCNC(=N)NC(=N)Nc1ccc(Cl)cc1)NC(=N)Nc1ccc(Cl)cc1;0.0;-0.95;1.34;-0.28;0.1;-0.97;-0.42;0.01;-1.14;-3.51;-3.77
COc1nc(C)nc(Cl)c1NC1=NCCN1;1.0;-0.69;0.62;-0.28;-0.61;0.4;-0.44;0.41;0.72;-0.4;-0.39
O=c1[nH]cc(F)c(=O)[nH]1;0.0;-3.14;-0.09;-0.28;-3.01;1.7;-1.14;2.17;-2.38;-1.92;-0.56
N#CC[C@H](C1CCCC1)n1cc(-c2ncnc3[nH]ccc23)cn1;1.0;1.1;-0.32;-0.28;1.19;0.41;-0.74;-1.0;-0.87;-0.56;-0.67
O=C(O)c1cc(/N=N/c2ccc(S(=O)(=O)Nc3ccccn3)cc2)ccc1O;1.0;-0.66;-0.62;-0.28;-0.57;1.36;-0.61;0.46;0.11;-0.98;-0.89
CCC(C(C)O)n1ncn(-c2ccc(N3CCN(c4ccc(OCC5COC(Cn6cncn6)(c6ccc(F)cc6F)C5)cc4)CC3)cc2)c1=O;1.0;0.72;-0.65;-0.28;0.37;0.32;0.73;-0.57;-0.62;-0.15;-0.41
C[N+](C)(C)CC(O)CC(=O)[O-];0.0;0.74;-0.24;1.87;-3.01;-2.25;-0.08;1.13;-2.38;0.35;-0.05
NC[C@@H]1O[C@H](O[C@@H]2[C@@H](CO)O[C@@H](O[C@H]3[C@@H](O)[C@@H](N)C[C@H](N)[C@H]3O[C@@H]3O[C@H](CN)[C@@H](O)[C@H](O)[C@H]3N)[C@@H]2O)[C@H](N)[C@@H](O)[C@@H]1O;0.0;-0.48;1.56;-0.28;0.82;-0.65;3.19;0.88;0.45;1.61;3.18
CC(C)NCC(O)COc1ccc(CC(N)=O)cc1;1.0;0.16;0.52;-0.28;-0.36;0.2;-0.43;-0.16;0.61;0.06;-0.16
CC(=O)OCC(=O)C1(O)CCC2C3CCC4=CC(=O)CCC4(C)C3C(=O)CC21C;1.0;0.67;-1.05;-0.28;0.28;0.57;-0.32;-0.66;0.42;0.09;-0.03
CN1CCC(=C2c3ccccc3CCc3sccc32)CC1;1.0;1.51;0.44;-0.28;-0.51;-0.06;-0.74;-1.63;0.84;-0.13;-0.31
Cc1nc2n(c(=O)c1CCN1CCC(c3noc4cc(F)ccc34)CC1)CCCC2;1.0;1.02;-1.3;-0.28;-0.13;0.27;-0.36;-1.05;-0.2;-0.41;-0.68
CCN(C(C)=O)c1cccc(-c2ccnc3c(C#N)cnn23)c1;1.0;0.94;-1.0;-0.28;0.48;0.96;-0.68;-0.92;-0.45;-0.62;-0.61
CC[N+](C)(C)c1cccc(O)c1;0.0;0.54;1.33;1.87;-2.71;-0.63;-0.72;-0.49;-2.38;-0.13;-0.29
CCCCCCCCCCC[C@@H](C[C@@H]1OC(=O)[C@H]1CCCCCC)OC(=O)[C@H](CC(C)C)NC=O;0.0;0.68;-0.68;-0.28;1.21;-2.24;-0.43;-0.92;-0.54;0.1;0.05
CS(=O)(=O)c1ccc(C(=O)Nc2ccc(Cl)c(-c3ccccn3)c2)c(Cl)c1;1.0;0.7;-1.67;-0.28;-0.29;1.19;-0.72;-0.9;-0.26;-0.38;-0.48
CCOC(=O)N=c1c[n+](N2CCOCC2)[n-]o1;1.0;-0.04;-0.47;1.87;1.75;-0.56;-0.36;0.65;-0.07;-1.32;-0.88
NC(=O)c1cn(Cc2c(F)cccc2F)nn1;1.0;0.26;-1.19;-0.28;1.56;1.26;-0.85;-0.12;1.32;-0.88;-0.57
CN1CCN(C2=Nc3cc(Cl)ccc3Nc3ccccc32)CC1;1.0;0.95;0.07;-0.28;0.12;0.06;-0.1;-0.99;0.23;0.05;-0.16
CC(COc1ccccc1)N(CCCl)Cc1ccccc1;0.0;1.2;-0.32;-0.28;-0.2;0.02;-0.6;-1.13;-0.74;0.27;0.01
Nc1nc(=O)c2ncn(CCC(CO)CO)c2[nH]1;0.0;-0.98;1.06;-0.28;0.56;0.15;-0.26;0.83;0.93;-1.77;-1.28
NC(=O)CS(=O)C(c1ccccc1)c1ccccc1;1.0;0.77;-1.44;-0.28;-0.73;-0.96;-0.98;-0.87;-0.34;-0.82;-0.71
NCCS;0.0;0.45;3.42;-0.28;-3.01;-0.34;-1.08;-0.67;-2.38;0.64;-0.16
C[C@H]1O[C@@H](O[C@H]2[C@@H](O)C[C@H](O[C@H]3[C@@H](O)C[C@H](O[C@H]4CC[C@]5(C)[C@H]6CC[C@]7(C)[C@@H](C8=CC(=O)OC8)[C@@H](O)C[C@]7(O)[C@@H]6CC[C@@H]5C4)O[C@@H]3C)O[C@@H]2C)C[C@H](O)[C@@H]1O;1.0;0.37;0.4;-0.28;0.21;-0.68;2.2;-0.28;0.15;-0.01;-0.09
NCCC(O)(P(=O)(O)O)P(=O)(O)O;0.0;-3.26;2.9;-0.28;-3.01;-1.36;-0.43;2.57;-2.38;-0.8;-0.59
CC(=O)OCC1=C(C(=O)O)N2C(=O)[C@@H](NC(=O)Cc3cccs3)[C@H]2SC1;0.0;-0.91;-0.39;-0.28;0.71;1.09;0.13;0.82;0.43;0.74;0.31
Cc1ccccc1N1CCN(CCc2nnc3n2CCCC3)CC1;0.0;1.21;0.01;-0.28;0.52;-0.03;-0.0;-1.26;-1.27;-0.12;-0.31
CC1(C(=O)O)CCC2(C)CCC3(C)C(=CC(=O)C4C5(C)CCC(OC(=O)CCC(=O)O)C(C)(C)C5CCC43C)C2C1;1.0;0.34;-0.78;-0.28;0.13;-1.06;-0.34;-0.66;0.91;-0.1;-0.34
CCOC(=O)C(CCc1ccccc1)NC1CCc2ccccc2N(CC(=O)O)C1=O;1.0;0.04;-0.48;-0.28;0.29;0.2;-0.12;-0.21;-0.15;0.98;0.99
CC1=CC(=O)N2CC(=O)N(C)c3ccc(Cl)cc3[C@@]2(c2ccccc2)O1;1.0;0.3;-0.87;-0.28;-0.66;0.8;-0.6;-0.47;-0.48;-0.24;-0.4
C=CC(N)CCC(=O)O;1.0;-1.04;0.46;-0.28;-3.01;0.5;-0.95;0.52;-2.38;-0.61;-0.44
C[N+]1(C)CCC(OC(=O)C(O)(c2ccccc2)C2CCCC2)C1;0.0;0.7;-0.01;1.87;0.62;-0.46;-0.1;-0.62;-0.33;0.91;0.89
CC(=O)O[C@H]1C[C@@H]2CC[C@@H]3[C@H](CC[C@@]4(C)[C@H]3C[C@H]([N+]3(C)CCCCC3)[C@@H]4OC(C)=O)[C@@]2(C)C[C@@H]1N1CCCCC1;0.0;0.92;-0.46;1.87;0.03;-0.71;0.71;-1.06;-0.01;0.18;0.38
COCC(=O)O[C@]1(CCN(C)CCCc2nc3ccccc3[nH]2)CCc2cc(F)ccc2[C@@H]1C(C)C;1.0;0.82;-0.63;-0.28;0.12;0.32;0.21;-0.89;-0.27;0.01;-0.13
N[C@H](CCC(=O)O)c1ccc(Cl)cc1;1.0;-0.38;-0.1;-0.28;-0.5;1.07;-1.11;-0.03;-0.01;-0.34;-0.38
Cc1cccc(Nc2ccncc2S(=O)(=O)NC(=O)NC(C)C)c1;1.0;0.0;-1.13;-0.28;0.77;0.39;-0.72;-0.46;0.57;-2.19;-1.87
NCCCCC(NC(=O)C1CCCN1C(=O)C1CSSCC(NC(=O)CNC(=O)CNC(=O)CN)C(=O)NC(Cc2ccc(O)cc2)C(=O)NC(Cc2ccccc2)C(=O)NC(CCC(N)=O)C(=O)NC(CC(N)=O)C(=O)N1)C(=O)NCC(N)=O;0.0;-0.75;-0.17;-0.28;0.75;-0.27;3.73;0.41;-0.13;1.38;4.43
OC[C@H]1O[C@](O)(CO)[C@@H](O)[C@@H]1O[C@@H]1O[C@H](CO)[C@H](O)[C@H](O)[C@H]1O;0.0;-1.04;1.62;-0.28;0.86;-0.01;1.69;1.74;1.07;2.26;2.02
NS(=O)(=O)c1cc2c(cc1Cl)N[C@@H](CC1CCCC1)NS2(=O)=O;1.0;0.32;-1.68;-0.28;0.34;0.05;-0.79;-0.7;0.89;-0.75;-0.88
O=C(NCCNCC(O)COc1ccc(O)cc1)N1CCOCC1;0.0;-0.38;0.71;-0.28;-0.15;0.2;0.73;0.52;-0.55;0.49;0.26
CC(=O)[C@H]1CC[C@H]2[C@@H]3CCC4=CC(=O)CC[C@]4(C)[C@H]3CC[C@]12C;1.0;1.33;-1.72;-0.28;-0.28;0.07;-1.1;-1.57;0.92;-0.14;-0.36
COc1ccc(CCN2CCC(Nc3nc4ccccc4n3Cc3ccc(F)cc3)CC2)cc1;1.0;0.83;-0.46;-0.28;0.25;0.49;-0.14;-0.93;-0.68;-0.33;-0.6
CN1C(C(=O)Nc2nccs2)=C(O)c2ccccc2S1(=O)=O;1.0;-0.63;-0.78;-0.28;-0.55;1.02;-0.45;0.45;0.34;-0.02;-0.23
CO/N=C(\C(=O)N[C@@H]1C(=O)N2C(C(=O)O)=C(COC(N)=O)CS[C@H]12)c1ccco1;0.0;-1.65;0.1;-0.28;0.39;1.14;0.48;1.8;0.28;0.01;-0.2
CC1(C)O[C@@H]2C[C@@H]3[C@@H]4C[C@@H](F)C5=CC(=O)C=C[C@]5(C)[C@H]4[C@H](O)C[C@]3(C)[C@]2(C(=O)CO)O1;1.0;0.68;-0.62;-0.28;-0.66;0.47;0.15;-0.63;0.88;-0.08;-0.28
CC[C@@H](CO)NCCN[C@@H](CC)CO;1.0;0.62;1.52;-0.28;2.22;-2.17;-0.1;-0.6;0.08;0.8;0.38
CC(=O)N1CCN(c2ccc(OC[C@@H]3CO[C@@](Cn4ccnc4)(c4ccc(Cl)cc4Cl)O3)cc2)CC1;1.0;0.66;-0.26;-0.28;0.17;0.4;0.36;-0.44;-0.46;0.24;0.12
CN(C)C(=O)Oc1cc(OC(=O)N(C)C)cc(C(O)CNC(C)(C)C)c1;0.0;-0.62;0.16;-0.28;1.34;-2.14;0.4;-0.02;1.16;-0.28;-0.46
O=C(O)CCC(=O)c1ccc(-c2ccccc2)cc1;1.0;0.24;-0.9;-0.28;0.87;0.13;-0.96;-0.42;-0.34;-0.21;-0.34
O=C1NCC2(CCN(CCc3ccccc3)CC2)O1;1.0;0.13;-0.24;-0.28;-0.38;-0.23;-0.26;-0.55;-0.16;-0.6;-0.7
C[C@H](N[C@@H](CCc1ccccc1)C(=O)O)C(=O)N1CCC[C@H]1C(=O)O;0.0;-0.55;-0.26;-0.28;0.3;0.5;0.14;0.26;-0.0;1.24;1.05
Nc1nc(=O)n([C@@H]2CS[C@H](CO)O2)cc1F;1.0;-1.24;0.2;-0.28;-0.08;1.07;-0.54;0.98;0.93;0.12;-0.18
COC1(NC(=O)C(C(=O)O)c2ccc(O)cc2)C(=O)N2C(C(=O)O)=C(CSc3nnnn3C)COC21;0.0;-1.24;0.15;-0.28;0.58;1.17;1.15;1.35;-0.17;0.64;0.4
CN(C)CC/C=C1/c2ccccc2COc2ccccc21;1.0;1.24;0.27;-0.28;0.79;-0.33;-0.72;-1.13;0.2;0.1;-0.13
COc1ccc2c(c1)N(CC(C)CN(C)C)c1ccccc1S2;1.0;1.19;0.45;-0.28;1.16;-0.13;-0.36;-1.03;0.28;-0.1;-0.29
O=C(O)c1ccccc1O;1.0;-2.36;0.5;-0.28;-3.01;1.3;-0.97;2.32;-2.38;-1.91;-0.68
O=P(O)(O)C(Cl)(Cl)P(=O)(O)O;0.0;-4.5;4.37;-0.28;-1.36;-3.16;-0.78;3.87;-2.38;-5.11;-1.45
CC(C)n1c(/C=C/[C@@H](O)C[C@@H](O)CC(=O)O)c(-c2ccc(F)cc2)c2ccccc21;1.0;0.29;-0.25;-0.28;0.14;0.69;-0.39;-0.38;-0.2;-0.73;-0.96
CC#CCC(C)C(O)C=CC1C(O)CC2CC(=CCCCC(=O)O)CC21;0.0;0.47;0.24;-0.28;0.71;0.65;-0.51;-0.67;-0.24;-0.17;-0.39
C[C@]12CC[C@@H]3c4ccc(OC(=O)N(CCCl)CCCl)cc4CC[C@H]3[C@@H]1CC[C@@H]2O;1.0;0.51;-0.63;-0.28;0.1;0.14;-0.15;-0.93;-0.07;-0.01;-0.17
Cn1c(=O)c2c(ncn2CC(O)CO)n(C)c1=O;1.0;-0.94;0.43;-0.28;0.53;0.12;-0.29;0.76;0.72;0.81;0.23
Cc1c(C(F)(F)F)cc(NC(=O)[C@@H](C)O)c(C#N)c1S(=O)(=O)c1ccc(F)cc1;1.0;-0.0;-1.18;-0.28;0.78;0.8;-0.72;-0.09;0.62;0.73;0.34
CCC[C@H]1O[C@H]2C[C@H]3[C@@H]4CCC5=CC(=O)C=C[C@]5(C)[C@H]4[C@H](O)C[C@]3(C)[C@@]2(C(=O)CO)O1;1.0;0.79;-0.31;-0.28;-0.16;0.77;-0.0;-0.76;0.5;0.06;-0.04
CN(C)C1C(O)=C(C(N)=O)C(=O)C2(O)C(O)=C3C(=O)c4c(O)ccc(Cl)c4C(C)(O)C3CC12;1.0;-0.61;0.34;-0.28;-0.2;0.58;0.57;1.12;0.74;-0.72;-1.05
O=C(COCCOCCOCC(=O)Nc1c(I)c(I)cc(I)c1C(=O)O)Nc1c(I)c(I)cc(I)c1C(=O)O;0.0;-0.77;0.32;-0.28;-0.5;-1.26;0.56;0.87;-0.26;0.13;-0.07
O=C(O)c1ccccc1C(=O)Nc1ccc(S(=O)(=O)Nc2nccs2)cc1;0.0;-0.86;-0.84;-0.28;-0.12;1.22;-0.59;0.33;-0.02;-0.87;-0.78
C=CC[N+]12CCC34c5ccccc5N5C=C6C7CC8C9(CC[N+]8(CC=C)CC7=CCO)c7ccccc7N(C=C(C(CC31)C(=CCO)C2)C54)C69;0.0;1.15;0.91;4.02;0.45;-0.68;1.16;-1.06;0.18;0.12;0.23
CO[C@@]1(NC(=O)CSCC#N)C(=O)N2C(C(=O)O)=C(CSc3nnnn3C)CS[C@@H]21;0.0;-0.56;-0.32;-0.28;0.5;0.83;0.98;0.43;0.33;2.0;1.23
N#C[C@@H](O[C@@H]1O[C@H](CO[C@@H]2O[C@H](CO)[C@@H](O)[C@H](O)[C@H]2O)[C@@H](O)[C@H](O)[C@H]1O)c1ccccc1;0.0;-0.32;1.21;-0.28;0.54;-0.4;1.55;0.92;0.16;1.7;1.96
NC[C@@H]1O[C@H](O[C@@H]2[C@@H](CO)O[C@@H](O[C@@H]3[C@@H](O)[C@H](N)C[C@H](N)[C@H]3O[C@H]3O[C@H](CO)[C@@H](O)[C@H](O)[C@H]3N)[C@@H]2O)[C@H](N)[C@@H](O)[C@@H]1O;0.0;-0.52;1.54;-0.28;0.82;-0.45;3.33;0.98;0.45;1.63;3.18
CN1CCN(CCCN2c3ccccc3Sc3ccc(C(F)(F)F)cc32)CC1;1.0;1.0;-1.36;-0.28;0.48;-0.46;0.1;-1.01;0.15;0.13;-0.05
C=C[C@H]1CN2CC[C@H]1C[C@H]2[C@H](O)c1ccnc2ccc(OC)cc12;1.0;0.98;0.38;-0.28;0.3;0.99;-0.3;-0.81;-0.52;0.14;-0.04
CCN[C@@H]1C[C@H](N)[C@@H](O[C@@H]2OC(CN)=CC[C@@H]2N)[C@H](O)[C@H]1O[C@H]1OC[C@](C)(O)[C@H](NC)[C@H]1O;0.0;0.02;1.29;-0.28;0.79;0.62;1.51;0.15;0.73;1.25;1.9
COC(=O)C1=C(C)NC(C)=C(C(=O)OC(C)(C)CN(C)CCC(c2ccccc2)c2ccccc2)C1c1cccc([N+](=O)[O-])c1;1.0;0.78;-1.31;1.87;0.76;-0.52;0.06;-0.7;0.83;-0.46;-0.88
[NH3+]CC[NH2+]CC[NH2+]CC[NH2+]CC[NH3+];0.0;-1.95;5.99;10.48;0.16;-4.25;-0.0;1.21;-1.56;1.84;1.37
O=c1[nH]c(=O)n(C2CC(O)C(CO)O2)cc1I;0.0;-1.25;0.59;-0.28;0.1;1.32;-0.37;1.06;1.23;-1.09;-0.82
CN(C)C(=N)NC(=N)N;1.0;-2.16;2.96;-0.28;-3.01;-1.52;-0.58;0.86;-2.38;-6.38;-1.86
CCN(CC)CCCOC(=O)[C@@]1(c2ccccc2)C[C@@H]2CC[C@H]1C2;1.0;1.04;-0.54;-0.28;-0.39;-0.35;-0.41;-1.16;-0.54;-0.17;-0.37
CN(C)c1ccc(O)c2c1C[C@H]1C[C@H]3[C@H](N(C)C)C(O)=C(C(N)=O)C(=O)[C@@]3(O)C(O)=C1C2=O;1.0;-0.3;0.26;-0.28;-0.59;0.13;0.81;0.84;1.21;-0.61;-0.93
CC(CCC(=O)O)[C@H]1CC[C@H]2[C@@H]3[C@@H](O)C[C@@H]4C[C@H](O)CC[C@]4(C)[C@H]3CC[C@@]21C;1.0;0.63;0.11;-0.28;-0.11;-0.44;-0.51;-0.89;0.39;-0.18;-0.47
CCC1OC(=O)C(C)C(OC2CC(C)(OC)C(O)C(C)O2)C(C)C(OC2OC(C)CC(N(C)C)C2O)C(C)(O)CC(C)CN(C)C(C)C(O)C1(C)O;1.0;0.51;0.55;-0.28;1.17;-0.22;3.05;-0.44;0.32;0.37;0.94
O=S(=O)([O-])OCC1OC(OC2(COS(=O)(=O)[O-])OC(OS(=O)(=O)[O-])C(OS(=O)(=O)[O-])C2OS(=O)(=O)[O-])C(OS(=O)(=O)[O-])C(OS(=O)(=O)[O-])C1OS(=O)(=O)[O-];0.0;-1.62;0.44;-0.28;0.01;-1.99;3.2;4.56;0.59;1.43;1.38
CC[N+](C)(C)[CH-]c1ccccc1Br;0.0;1.69;0.52;1.87;-1.99;-0.71;-0.73;-1.15;2.0;0.53;0.06
O=C(O)C1=C/C(=N\Nc2ccc(O)c(C(=O)O)c2)C=CC1=O;0.0;-1.8;0.28;-0.28;0.2;1.22;-0.37;2.06;1.06;-1.74;-1.1
O=C(O)CN(CCN(CC(=O)O)Cc1ccccc1O)Cc1ccccc1O;0.0;-0.9;0.45;-0.28;0.29;-1.27;0.42;0.92;-0.62;0.52;0.29
C[C@]12COC(=O)C[C@@H]1CC[C@@H]1[C@@H]2CC[C@@]2(C)[C@H]1CC[C@]2(C)O;1.0;0.79;-0.38;-0.28;0.22;-0.67;-0.78;-1.02;0.79;-0.04;-0.22
OC[C@H]1O[C@@](CO)(O[C@H]2O[C@H](CO[C@H]3O[C@H](CO)[C@H](O)[C@H](O)[C@H]3O)[C@@H](O)[C@H](O)[C@H]2O)[C@@H](O)[C@@H]1O;0.0;-0.92;1.58;-0.28;0.39;-1.12;3.1;1.67;0.46;2.16;3.04
Nc1ccncc1;1.0;0.21;1.86;-0.28;-3.01;1.17;-1.27;-0.16;-2.38;-1.37;-0.47
C[N+](C)(CCOc1ccccc1)Cc1ccccc1;0.0;1.2;0.71;1.87;-0.44;-0.72;-0.56;-0.94;-0.62;0.64;0.29
C[C@@H]1NC(=O)[C@@H](N)CNC(=O)[C@H]([C@H]2CCN=C(N)N2)NC(=O)/C(=C\NC(N)=O)NC(=O)[C@H](CNC(=O)C[C@@H](N)CCCN)NC1=O;1.0;-1.3;0.45;-0.28;0.37;0.74;1.54;0.7;-0.1;0.66;1.08
CCCSc1ccc2nc(NC(=O)OC)[nH]c2c1;0.0;-0.83;0.13;-0.28;1.45;0.65;-0.63;-0.04;0.42;-2.57;-1.52
CC1(C)O[C@@H]2C[C@H]3[C@@H]4CCC5=CC(=O)C=C[C@]5(C)[C@@]4(F)[C@@H](O)C[C@]3(C)[C@]2(C(=O)CO)O1;1.0;0.67;-0.62;-0.28;-0.55;0.4;0.14;-0.62;1.06;0.15;0.08
CC[C@@H](CO)NC(=O)[C@@H]1C=C2c3cccc4[nH]cc(c34)C[C@H]2N(C)C1;1.0;0.69;0.24;-0.28;0.35;0.9;0.02;-0.72;0.65;0.13;-0.05
CN(C)C(=O)Oc1ccc[n+](C)c1;0.0;-0.52;-0.09;1.87;0.57;-0.66;-0.73;0.14;-0.19;1.01;0.14
CC(C)C[C@H](CN)CC(=O)O;1.0;-0.23;0.3;-0.28;-3.01;-0.75;-0.93;-0.2;-2.38;-0.48;-0.48
