index;ID;Chemical name;EC number;Other Regulatory ID;Structural formula;CAS;SMILES;Experimental value*;Predicted value;Predicted value (model units);Experimental value (model units)*;Probability;Experimental numerical;Predicted numerical;Experimental numerical (common units);Predicted numerical (model units);Applicability domain**
0;000_BrC(Br)Br;-;-;0;-;-;BrC(Br)Br;-2.37 log(cm/h);-2.09 log(cm/h);-2.09 log(cm/h);-2.37 log(cm/h);;-2.37;-2.09284;-2.37;-2.09284;Inside (T/L/E/R)
1;001_C_C__Cl;-;-;1;-2.0;-;C/C(Cl)=C/Cl;;-1.87 log(cm/h);-1.87 log(cm/h);;;-;-1.86957;-;-1.86957;Inside (T/L/E/R)
2;002_C1COCCN1;-;-;2;-3.86;-;C1COCCN1;;-3.46 log(cm/h);-3.46 log(cm/h);;;-;-3.4593;-;-3.4593;Inside (T/L/E/R)
3;003_C1COCCO1;-;-;3;-3.45;-;C1COCCO1;;-3.54 log(cm/h);-3.54 log(cm/h);;;-;-3.5437;-;-3.5437;Inside (T/L/E/R)
4;004_C=C_O)O;-;-;4;-2.58;-;C=C(C)C(=O)O;;-2.81 log(cm/h);-2.81 log(cm/h);;;-;-2.809;-;-2.809;Inside (T/L/E/R)
5;005_C=C_1Cl;-;-;5;-3.80794;-;C=C(CC)C(=O)c1ccc(OCC(=O)O)c(Cl)c1Cl;;-2.76 log(cm/h);-2.76 log(cm/h);;;-;-2.75816;-;-2.75816;Inside (T/L/E/R)
6;006_C=CC#N;-;-;6;-2.87;-;C=CC#N;-2.87 log(cm/h);-2.91 log(cm/h);-2.91 log(cm/h);-2.87 log(cm/h);;-2.87;-2.90649;-2.87;-2.90649;Inside (T/L/E/R)
7;007_C=CC(=O)O;-;-;7;-3.05;-;C=CC(=O)O;;-2.99 log(cm/h);-2.99 log(cm/h);;;-;-2.99268;-;-2.99268;Inside (T/L/E/R)
8;008_C=CC(=O)OC;-;-;8;-2.68;-;C=CC(=O)OC;;-2.84 log(cm/h);-2.84 log(cm/h);;;-;-2.84478;-;-2.84478;Inside (T/L/E/R)
9;009_C=C_OCC;-;-;9;-2.39;-;C=CC(=O)OCC;;-2.69 log(cm/h);-2.69 log(cm/h);;;-;-2.68729;-;-2.68729;Inside (T/L/E/R)
10;010_C=C_CCC;-;-;10;-2.0;-;C=CC(=O)OCCCC;-2.0 log(cm/h);-2.05 log(cm/h);-2.05 log(cm/h);-2.0 log(cm/h);;-2.0;-2.04646;-2.0;-2.04646;Inside (T/L/E/R)
11;011_C=CC=O;-;-;11;-3.07;-;C=CC=O;-3.07 log(cm/h);-2.96 log(cm/h);-2.96 log(cm/h);-3.07 log(cm/h);;-3.07;-2.96373;-3.07;-2.96373;Inside (T/L/E/R)
12;012_C=CCO;-;-;12;-2.95;-;C=CCO;;-2.9 log(cm/h);-2.9 log(cm/h);;;-;-2.90134;-;-2.90134;Inside (T/L/E/R)
13;013_C=C_C)C;-;-;13;-2.810925;-;C=CCOc1ccccc1OCC(O)CNC(C)C;;-3.22 log(cm/h);-3.22 log(cm/h);;;-;-3.22443;-;-3.22443;Inside (T/L/E/R)
14;014_C=C_C)C;-;-;14;-3.5437;-;C=CCc1ccccc1OCC(O)CNC(C)C;;-3.44 log(cm/h);-3.44 log(cm/h);;;-;-3.44258;-;-3.44258;Inside (T/L/E/R)
15;015_C=COC(C)=O;-;-;15;-2.73;-;C=COC(C)=O;-2.73 log(cm/h);-2.77 log(cm/h);-2.77 log(cm/h);-2.73 log(cm/h);;-2.73;-2.76937;-2.73;-2.76937;Inside (T/L/E/R)
16;016_C=C_cc1;-;-;16;-0.18728;-;C=Cc1ccccc1;;-1.42 log(cm/h);-1.42 log(cm/h);;;-;-1.42357;-;-1.42357;Inside (L/E/R)
17;017_C=O;-;-;17;-2.65;-;C=O;-2.65 log(cm/h);-2.92 log(cm/h);-2.92 log(cm/h);-2.65 log(cm/h);;-2.65;-2.9177;-2.65;-2.9177;Inside (T/L/E/R)
18;018_CC#N;-;-;18;-3.21;-;CC#N;;-2.97 log(cm/h);-2.97 log(cm/h);;;-;-2.96613;-;-2.96613;Inside (L/E/R)
19;019_CC(_)Cl;-;-;19;-1.62;-;CC(=O)C(Cl)(Cl)Cl;;-1.69 log(cm/h);-1.69 log(cm/h);;;-;-1.68519;-;-1.68519;Inside (T/L/E)
20;020_CC(_)Cl;-;-;20;-1.41685;-;CC(=O)C(Cl)Cl;;-2.12 log(cm/h);-2.12 log(cm/h);;;-;-2.1152;-;-2.1152;Inside (T/L/E/R)
21;021_CC(_C)C;-;-;21;-2.8;-;CC(=O)N(C)C;;-3.27 log(cm/h);-3.27 log(cm/h);;;-;-3.26984;-;-3.26984;Inside (L/E/R)
22;022_CC(=O)O;-;-;22;-3.0051300000000003;-;CC(=O)O;-3.21 log(cm/h);-3.12 log(cm/h);-3.12 log(cm/h);-3.21 log(cm/h);;-3.21;-3.12161;-3.21;-3.12161;Inside (T/L/E/R)
23;023_CC(_12C;-;-;23;-2.769945;-;CC(=O)OCC(=O)[C@@]12OC(C)(C)O[C@@H]1C[C@H]1[C@@H]3C[C@H](F)C4=CC(=O)C=C[C@]4(C)[C@@]3(F)[C@@H](O)C[C@@]12C;;-3.28 log(cm/h);-3.28 log(cm/h);;;-;-3.27554;-;-3.27554;Inside (T/E/R)
24;024_CC(_O)O;-;-;24;-2.10689;-;CC(=O)Oc1ccccc1C(=O)O;;-2.46 log(cm/h);-2.46 log(cm/h);;;-;-2.45566;-;-2.45566;Inside (T/L/E/R)
25;025_CC(_21C;-;-;25;-3.16769;-;CC(=O)[C@@]1(O)CC[C@H]2[C@@H]3CCC4=CC(=O)CC[C@]4(C)[C@H]3CC[C@@]21C;;-3.29 log(cm/h);-3.29 log(cm/h);;;-;-3.29075;-;-3.29075;Inside (T/L/E/R)
26;026_CC(_12C;-;-;26;-3.16749;-;CC(=O)[C@H]1CC[C@H]2[C@@H]3CC=C4CC(O)(O)CC[C@]4(C)[C@H]3CC[C@]12C;;-2.86 log(cm/h);-2.86 log(cm/h);;;-;-2.85713;-;-2.85713;Inside (T/L/E/R)
27;027_CC(_12C;-;-;27;-2.77315;-;CC(=O)[C@H]1CC[C@H]2[C@@H]3CC=C4C[C@@H](O)CC[C@]4(C)[C@H]3CC[C@]12C;;-2.53 log(cm/h);-2.53 log(cm/h);;;-;-2.53417;-;-2.53417;Inside (T/L/E/R)
28;028_CC(_CC1;-;-;28;-3.4537;-;CC(C)(C)NC[C@H](O)COc1nsnc1N1CCOCC1;;-4.0 log(cm/h);-4.0 log(cm/h);;;-;-4.00319;-;-4.00319;Inside (E/R)
29;029_CC(_c1O;-;-;29;-1.02185;-;CC(C)(C)c1ccccc1O;;-1.27 log(cm/h);-1.27 log(cm/h);;;-;-1.26872;-;-1.26872;Inside (T/L/E/R)
30;030_CC(C)=O;-;-;30;-3.29;-;CC(C)=O;;-2.9 log(cm/h);-2.9 log(cm/h);;;-;-2.89657;-;-2.89657;Inside (T/L/E/R)
31;031_CC(_C)O;-;-;31;-2.33;-;CC(C)CC(C)O;;-2.24 log(cm/h);-2.24 log(cm/h);;;-;-2.24086;-;-2.24086;Inside (T/L/E/R)
32;032_CC(C)CCO;-;-;32;-2.0;-;CC(C)CCO;;-2.57 log(cm/h);-2.57 log(cm/h);;;-;-2.57349;-;-2.57349;Inside (T/L/E/R)
33;033_CC(C)CO;-;-;33;-2.65;-;CC(C)CO;-2.65 log(cm/h);-2.72 log(cm/h);-2.72 log(cm/h);-2.65 log(cm/h);;-2.65;-2.71895;-2.65;-2.71895;Inside (T/L/E/R)
34;034_CC(C)N;-;-;34;-2.9;-;CC(C)N;-2.9 log(cm/h);-2.96 log(cm/h);-2.96 log(cm/h);-2.9 log(cm/h);;-2.9;-2.95761;-2.9;-2.95761;Inside (T/L/E/R)
35;035_CC(_cc1;-;-;35;-4.04623;-;CC(C)NCC(O)COc1ccc(CC(N)=O)cc1;;-3.71 log(cm/h);-3.71 log(cm/h);;;-;-3.71488;-;-3.71488;Inside (T/L/E/R)
36;036_CC(_cc1;-;-;36;-2.73685;-;CC(C)NCC(O)COc1ccc(CCOCC2CC2)cc1;;-3.46 log(cm/h);-3.46 log(cm/h);;;-;-3.45944;-;-3.45944;Inside (T/L/E/R)
37;037_CC(_c12;-;-;37;-2.73929;-;CC(C)NCC(O)COc1cccc2ccccc12;;-3.53 log(cm/h);-3.53 log(cm/h);;;-;-3.52538;-;-3.52538;Inside (T/L/E/R)
38;038_CC(C)O;-;-;38;-3.05;-;CC(C)O;-3.05 log(cm/h);-3.01 log(cm/h);-3.01 log(cm/h);-3.05 log(cm/h);;-3.05;-3.0058;-3.05;-3.0058;Inside (T/L/E/R)
39;039_CC(C)OCCO;-;-;39;-3.25185;-;CC(C)OCCO;-3.36 log(cm/h);-3.34 log(cm/h);-3.34 log(cm/h);-3.36 log(cm/h);;-3.36;-3.34422;-3.36;-3.34422;Inside (T/L/E/R)
40;040_CC(_cc1;-;-;40;-0.85;-;CC(C)c1ccccc1;;-1.14 log(cm/h);-1.14 log(cm/h);;;-;-1.14303;-;-1.14303;Inside (T/L/E/R)
41;041_CC(_cc1;-;-;41;-1.28;-;CC(CO)c1ccccc1;;-1.77 log(cm/h);-1.77 log(cm/h);;;-;-1.76928;-;-1.76928;Inside (T/L/E/R)
42;042_CC(_)Cl;-;-;42;-2.34905;-;CC(Cl)(Cl)Cl;-2.35 log(cm/h);-2.03 log(cm/h);-2.03 log(cm/h);-2.35 log(cm/h);;-2.35;-2.02571;-2.35;-2.02571;Inside (T/L/E/R)
43;043_CC(Cl)CCl;-;-;43;-2.0;-;CC(Cl)CCl;-2.0 log(cm/h);-1.92 log(cm/h);-1.92 log(cm/h);-2.0 log(cm/h);;-2.0;-1.92427;-2.0;-1.92427;Inside (T/L/E/R)
44;044_CC(_cc1;-;-;44;-4.85;-;CC(N)Cc1ccccc1;;-2.0 log(cm/h);-2.0 log(cm/h);;;-;-2.00278;-;-2.00278;Inside (T/L/E/R)
45;045_CC(_nc1;-;-;45;-4.23;-;CC(O)COC(=O)c1cccnc1;;-3.44 log(cm/h);-3.44 log(cm/h);;;-;-3.43674;-;-3.43674;Inside (T/L/E/R)
46;046_CC1_)O1;-;-;46;-4.69;-;CC1(C)O[C@@H]2C[C@H]3[C@@H]4CCC5=CC(=O)C=C[C@]5(C)[C@@]4(F)[C@@H](O)C[C@]3(C)[C@]2(C(=O)CO)O1;-5.4 log(cm/h);-4.93 log(cm/h);-4.93 log(cm/h);-5.4 log(cm/h);;-5.4;-4.92539;-5.4;-4.92539;Inside (T/L/E/R)
47;047_CC1CO1;-;-;47;-3.05;-;CC1CO1;-3.05 log(cm/h);-3.03 log(cm/h);-3.03 log(cm/h);-3.05 log(cm/h);;-3.05;-3.02628;-3.05;-3.02628;Inside (T/L/E/R)
48;048_CC1_C1O;-;-;48;-6.02062;-;CC1OC(OC2CC(O)C3(CO)C4C(O)CC5(C)C(c6coc(O)c6)CCC5(O)C4CCC3(O)C2)C(O)C(O)C1O;;-4.53 log(cm/h);-4.53 log(cm/h);;;-;-4.52526;-;-4.52526;Inside (T/E)
49;049_CC=O;-;-;49;-3.15;-;CC=O;;-2.99 log(cm/h);-2.99 log(cm/h);;;-;-2.98962;-;-2.98962;Inside (L/E/R)
50;050_CCC_CC1;-;-;50;-2.04435;-;CCC(=O)N(c1ccccc1)C1(COC)CCN(CCc2cccs2)CC1;;-2.83 log(cm/h);-2.83 log(cm/h);;;-;-2.82965;-;-2.82965;Inside (T/L/E/R)
51;051_CCC_CC1;-;-;51;-2.212895;-;CCC(=O)N(c1ccccc1)C1CCN(CCc2ccccc2)CC1;-2.25 log(cm/h);-2.4 log(cm/h);-2.4 log(cm/h);-2.25 log(cm/h);;-2.25;-2.39973;-2.25;-2.39973;Inside (T/L/E/R)
52;052_CCC(=O)O;-;-;52;-2.94;-;CCC(=O)O;-2.94 log(cm/h);-2.96 log(cm/h);-2.96 log(cm/h);-2.94 log(cm/h);;-2.94;-2.96326;-2.94;-2.96326;Inside (T/L/E/R)
53;053_CCC_21C;-;-;53;-2.47;-;CCC(=O)OCC(=O)[C@@]1(O)CC[C@H]2[C@@H]3CCC4=CC(=O)CC[C@]4(C)[C@H]3[C@@H](O)C[C@@]21C;;-4.33 log(cm/h);-4.33 log(cm/h);;;-;-4.32884;-;-4.32884;Inside (T/L/E/R)
54;054_CCC(C)=O;-;-;54;-2.724335;-;CCC(C)=O;-2.95 log(cm/h);-2.86 log(cm/h);-2.86 log(cm/h);-2.95 log(cm/h);;-2.95;-2.86447;-2.95;-2.86447;Inside (T/L/E/R)
55;055_CCC_1=O;-;-;55;-3.71;-;CCC(C)C1(CC)C(=O)NC(=O)NC1=O;;-2.84 log(cm/h);-2.84 log(cm/h);;;-;-2.8448;-;-2.8448;Inside (T/R)
56;056_CCC_cc1;-;-;56;-1.19;-;CCC(CO)c1ccccc1;;-1.78 log(cm/h);-1.78 log(cm/h);;;-;-1.77923;-;-1.77923;Inside (T/L/E/R)
57;057_CCC_1=O;-;-;57;-3.090925;-;CCC1(C2=CCCCC2)C(=O)NC(=O)NC1=O;-3.09 log(cm/h);-2.82 log(cm/h);-2.82 log(cm/h);-3.09 log(cm/h);;-3.09;-2.81984;-3.09;-2.81984;Inside (T/L/E/R)
58;058_CCC_1=O;-;-;58;-3.922935;-;CCC1(CC)C(=O)NC(=O)NC1=O;;-3.03 log(cm/h);-3.03 log(cm/h);;;-;-3.02569;-;-3.02569;Inside (T/L/E/R)
59;059_CCC_1=O;-;-;59;-2.63001;-;CCC1(CCC(C)C)C(=O)NC(=O)NC1=O;-2.64 log(cm/h);-2.61 log(cm/h);-2.61 log(cm/h);-2.64 log(cm/h);;-2.64;-2.6091;-2.64;-2.6091;Inside (T/L/E/R)
60;060_CCC_1=O;-;-;60;-3.3361400000000003;-;CCC1(c2ccccc2)C(=O)NC(=O)NC1=O;-3.35 log(cm/h);-3.2 log(cm/h);-3.2 log(cm/h);-3.35 log(cm/h);;-3.35;-3.19553;-3.35;-3.19553;Inside (T/E/R)
61;061_CCCC(=O)O;-;-;61;-2.84505;-;CCCC(=O)O;-2.71 log(cm/h);-2.75 log(cm/h);-2.75 log(cm/h);-2.71 log(cm/h);;-2.71;-2.75324;-2.71;-2.75324;Inside (T/L/E/R)
62;062_CCC_cc1;-;-;62;-0.97;-;CCCC(C)(O)c1ccccc1;;-1.35 log(cm/h);-1.35 log(cm/h);;;-;-1.35258;-;-1.35258;Inside (T/L/E/R)
63;063_CCCC(C)=O;-;-;63;-2.6;-;CCCC(C)=O;;-2.4 log(cm/h);-2.4 log(cm/h);;;-;-2.40097;-;-2.40097;Inside (T/L/E/R)
64;064_CCCCC(=O)O;-;-;64;-2.686605;-;CCCCC(=O)O;-2.7 log(cm/h);-2.53 log(cm/h);-2.53 log(cm/h);-2.7 log(cm/h);;-2.7;-2.53132;-2.7;-2.53132;Inside (T/L/E/R)
65;065_CCC_21C;-;-;65;-2.94185;-;CCCCC(=O)O[C@]1(C(=O)CO)[C@@H](C)C[C@H]2[C@@H]3CCC4=CC(=O)C=C[C@]4(C)[C@@]3(F)[C@@H](O)C[C@@]21C;;-3.98 log(cm/h);-3.98 log(cm/h);;;-;-3.97736;-;-3.97736;Inside (T/E/R)
66;066_CCC_cc1;-;-;66;-1.01;-;CCCCC(C)(O)c1ccccc1;;-1.24 log(cm/h);-1.24 log(cm/h);;;-;-1.23911;-;-1.23911;Inside (T/L/E/R)
67;067_CCCCC(C)=O;-;-;67;-2.35;-;CCCCC(C)=O;-2.35 log(cm/h);-2.23 log(cm/h);-2.23 log(cm/h);-2.35 log(cm/h);;-2.35;-2.2328;-2.35;-2.2328;Inside (T/L/E/R)
68;068_CCC_CCC;-;-;68;-1.25784;-;CCCCC(CC)COC(=O)c1ccccc1C(=O)OCC(CC)CCCC;;-2.67 log(cm/h);-2.67 log(cm/h);;;-;-2.66684;-;-2.66684;Inside (T/E)
69;069_CCC_1=O;-;-;69;-3.70943;-;CCCCC1(CC)C(=O)NC(=O)NC1=O;;-2.77 log(cm/h);-2.77 log(cm/h);;;-;-2.77341;-;-2.77341;Inside (T/L/E/R)
70;070_CCC_O)O;-;-;70;-1.85662;-;CCCCCC(=O)O;;-1.89 log(cm/h);-1.89 log(cm/h);;;-;-1.88678;-;-1.88678;Inside (T/L/E/R)
71;071_CCC_21C;-;-;71;-1.74618;-;CCCCCC(=O)OCC(=O)[C@@]1(O)CC[C@H]2[C@@H]3CCC4=CC(=O)CC[C@]4(C)[C@H]3[C@@H](O)C[C@@]21C;;-4.09 log(cm/h);-4.09 log(cm/h);;;-;-4.09006;-;-4.09006;Inside (T/L/E/R)
72;072_CCC_)=O;-;-;72;-2.0;-;CCCCCC(C)=O;-2.0 log(cm/h);-2.06 log(cm/h);-2.06 log(cm/h);-2.0 log(cm/h);;-2.0;-2.05946;-2.0;-2.05946;Inside (T/L/E/R)
73;073_CCC_O)O;-;-;73;-1.70041;-;CCCCCCC(=O)O;-1.7 log(cm/h);-1.72 log(cm/h);-1.72 log(cm/h);-1.7 log(cm/h);;-1.7;-1.71864;-1.7;-1.71864;Inside (T/L/E/R)
74;074_CCC_O)O;-;-;74;-1.575215;-;CCCCCCCC(=O)O;-1.55 log(cm/h);-1.65 log(cm/h);-1.65 log(cm/h);-1.55 log(cm/h);;-1.55;-1.65191;-1.55;-1.65191;Inside (T/L/E/R)
75;075_CCC_21C;-;-;75;-1.2094;-;CCCCCCCC(=O)OCC(=O)[C@@]1(O)CC[C@H]2[C@@H]3CCC4=CC(=O)CC[C@]4(C)[C@H]3[C@@H](O)C[C@@]21C;;-4.1 log(cm/h);-4.1 log(cm/h);;;-;-4.10104;-;-4.10104;Inside (T/L/E/R)
76;076_CCC_O)O;-;-;76;-2.54;-;CCCCCCCCCCCCOS(=O)(=O)O;;-2.29 log(cm/h);-2.29 log(cm/h);;;-;-2.28513;-;-2.28513;Inside (T/E/R)
77;077_CCCCCCCCCO;-;-;77;-1.183275;-;CCCCCCCCCO;-1.12 log(cm/h);-1.16 log(cm/h);-1.16 log(cm/h);-1.12 log(cm/h);;-1.12;-1.16429;-1.12;-1.16429;Inside (T/L/E/R)
78;078_CCC_1=O;-;-;78;-1.27185;-;CCCCCCCCN1CCCC1=O;;-2.4 log(cm/h);-2.4 log(cm/h);;;-;-2.39782;-;-2.39782;Inside (T/L/E/R)
79;079_CCCCCCCCO;-;-;79;-1.18023;-;CCCCCCCCO;-1.13 log(cm/h);-1.4 log(cm/h);-1.4 log(cm/h);-1.13 log(cm/h);;-1.13;-1.40167;-1.13;-1.40167;Inside (T/L/E/R)
80;080_CCC_cc1;-;-;80;-1.93432;-;CCCCCCCCOC(=O)c1ccc(O)cc1;;-1.76 log(cm/h);-1.76 log(cm/h);;;-;-1.75602;-;-1.75602;Inside (T/L/E/R)
81;081_CCCCCCCO;-;-;81;-1.479715;-;CCCCCCCO;;-1.67 log(cm/h);-1.67 log(cm/h);;;-;-1.66774;-;-1.66774;Inside (T/L/E/R)
82;082_CCC_1=O;-;-;82;-1.65185;-;CCCCCCN1CCCC1=O;;-2.51 log(cm/h);-2.51 log(cm/h);;;-;-2.50784;-;-2.50784;Inside (T/L/E/R)
83;083_CCCCCCO;-;-;83;-1.84650875;-;CCCCCCO;-1.89 log(cm/h);-1.87 log(cm/h);-1.87 log(cm/h);-1.89 log(cm/h);;-1.89;-1.86566;-1.89;-1.86566;Inside (T/L/E/R)
84;084_CCC_nc1;-;-;84;-1.71807;-;CCCCCCOC(=O)c1cccnc1;-1.75 log(cm/h);-1.74 log(cm/h);-1.74 log(cm/h);-1.75 log(cm/h);;-1.75;-1.73953;-1.75;-1.73953;Inside (T/L/E/R)
85;085_CCCCCO;-;-;85;-2.18251;-;CCCCCO;-2.22 log(cm/h);-2.29 log(cm/h);-2.29 log(cm/h);-2.22 log(cm/h);;-2.22;-2.29276;-2.22;-2.29276;Inside (T/L/E/R)
86;086_CCC_cc1;-;-;86;-1.0158;-;CCCCOC(=O)c1ccc(N)cc1;;-1.8 log(cm/h);-1.8 log(cm/h);;;-;-1.79992;-;-1.79992;Inside (T/L/E/R)
87;087_CCC_cc1;-;-;87;-0.9158;-;CCCCOC(=O)c1ccc(O)cc1;;-1.78 log(cm/h);-1.78 log(cm/h);;;-;-1.78201;-;-1.78201;Inside (T/L/E/R)
88;088_CCC_nc1;-;-;88;-1.75091;-;CCCCOC(=O)c1cccnc1;-1.78 log(cm/h);-1.83 log(cm/h);-1.83 log(cm/h);-1.78 log(cm/h);;-1.78;-1.82644;-1.78;-1.82644;Inside (T/L/E/R)
89;089_CCCCOCCO;-;-;89;-2.72774;-;CCCCOCCO;;-3.25 log(cm/h);-3.25 log(cm/h);;;-;-3.25113;-;-3.25113;Inside (T/L/E/R)
90;090_CCC_)=O;-;-;90;-3.49;-;CCCCOCCOCCOC(C)=O;-3.49 log(cm/h);-3.53 log(cm/h);-3.53 log(cm/h);-3.49 log(cm/h);;-3.49;-3.52842;-3.49;-3.52842;Inside (T/L/E/R)
91;091_CCC_cc1;-;-;91;-1.01185;-;CCCCc1ccc(O)cc1;;-1.33 log(cm/h);-1.33 log(cm/h);;;-;-1.32951;-;-1.32951;Inside (T/L/E/R)
92;092_CCCO;-;-;92;-2.876075;-;CCCO;-2.91 log(cm/h);-2.92 log(cm/h);-2.92 log(cm/h);-2.91 log(cm/h);;-2.91;-2.91992;-2.91;-2.91992;Inside (T/L/E/R)
93;093_CCC_cc1;-;-;93;-1.0937;-;CCCOC(=O)c1ccc(N)cc1;;-1.9 log(cm/h);-1.9 log(cm/h);;;-;-1.89555;-;-1.89555;Inside (T/L/E/R)
94;094_CCC_cc1;-;-;94;-1.85801;-;CCCOC(=O)c1ccc(O)cc1;;-1.92 log(cm/h);-1.92 log(cm/h);;;-;-1.9219;-;-1.9219;Inside (T/L/E/R)
95;095_CCCOCCO;-;-;95;-2.88185;-;CCCOCCO;;-3.4 log(cm/h);-3.4 log(cm/h);;;-;-3.39817;-;-3.39817;Inside (T/L/E/R)
96;096_CCC_cc1;-;-;96;-1.72185;-;CCCOc1ccc(O)cc1;;-1.79 log(cm/h);-1.79 log(cm/h);;;-;-1.78626;-;-1.78626;Inside (T/L/E/R)
97;097_CCC_3C5;-;-;97;-2.41139;-;CCC[C@@](C)(O)[C@H]1C[C@@]23C=C[C@]1(OC)[C@@H]1Oc4c(O)ccc5c4[C@@]12CCN(C)[C@@H]3C5;;-4.26 log(cm/h);-4.26 log(cm/h);;;-;-4.26136;-;-4.26136;Inside (T/L/E/R)
98;098_CCN;-;-;98;-3.09;-;CCN;-3.09 log(cm/h);-3.04 log(cm/h);-3.04 log(cm/h);-3.09 log(cm/h);;-3.09;-3.0408;-3.09;-3.0408;Inside (T/L/E/R)
99;099_CCN(C)C;-;-;99;-2.60875875;-;CCN(C)C;;-3.32 log(cm/h);-3.32 log(cm/h);;;-;-3.31661;-;-3.31661;Inside (L/E/R)
100;100_CCN_CC1;-;-;100;-3.866905;-;CCN(CC)C(=O)N1CCN(C)CC1;;-3.78 log(cm/h);-3.78 log(cm/h);;;-;-3.7849;-;-3.7849;Inside (T/E/R)
101;101_CCN(CC)CC;-;-;101;-2.31;-;CCN(CC)CC;;-3.14 log(cm/h);-3.14 log(cm/h);;;-;-3.13792;-;-3.13792;Inside (T/L/E/R)
102;102_CCN_c1C;-;-;102;-2.33623;-;CCN(CC)CC(=O)Nc1c(C)cccc1C;;-2.74 log(cm/h);-2.74 log(cm/h);;;-;-2.74293;-;-2.74293;Inside (T/L/E/R)
103;103_CCNCC;-;-;103;-2.75;-;CCNCC;-2.75 log(cm/h);-2.81 log(cm/h);-2.81 log(cm/h);-2.75 log(cm/h);;-2.75;-2.8078;-2.75;-2.8078;Inside (T/L/E/R)
104;104_CCO;-;-;104;-3.022365;-;CCO;;-3.02 log(cm/h);-3.02 log(cm/h);;;-;-3.02244;-;-3.02244;Inside (T/L/E/R)
105;105_CCO_CC1;-;-;105;-2.430535;-;CCOC(=O)C1(c2ccccc2)CCN(C)CC1;-2.43 log(cm/h);-2.66 log(cm/h);-2.66 log(cm/h);-2.43 log(cm/h);;-2.43;-2.66279;-2.43;-2.66279;Inside (T/L/E/R)
106;106_CCO_cc1;-;-;106;-1.44913;-;CCOC(=O)c1ccc(N)cc1;;-2.13 log(cm/h);-2.13 log(cm/h);;;-;-2.13444;-;-2.13444;Inside (T/L/E/R)
107;107_CCO_cc1;-;-;107;-1.8537;-;CCOC(=O)c1ccc(O)cc1;;-1.97 log(cm/h);-1.97 log(cm/h);;;-;-1.96772;-;-1.96772;Inside (T/L/E/R)
108;108_CCO_OCC;-;-;108;-;-;CCOC(=O)c1ccccc1C(=O)OCC;-2.32 log(cm/h);-2.55 log(cm/h);-2.55 log(cm/h);-2.32 log(cm/h);;-2.32;-2.54638;-2.32;-2.54638;Inside (T/L/E/R)
109;109_CCO_nc1;-;-;109;-2.1915250000000004;-;CCOC(=O)c1cccnc1;-2.22 log(cm/h);-2.28 log(cm/h);-2.28 log(cm/h);-2.22 log(cm/h);;-2.22;-2.27691;-2.22;-2.27691;Inside (T/L/E/R)
110;110_CCOC=O;-;-;110;-3.01;-;CCOC=O;-3.01 log(cm/h);-3.0 log(cm/h);-3.0 log(cm/h);-3.01 log(cm/h);;-3.01;-3.00006;-3.01;-3.00006;Inside (T/L/E/R)
111;111_CCOCCO;-;-;111;-3.52185;-;CCOCCO;-3.5 log(cm/h);-3.39 log(cm/h);-3.39 log(cm/h);-3.5 log(cm/h);;-3.5;-3.39414;-3.5;-3.39414;Inside (T/L/E/R)
112;112_CCO_)n1;-;-;112;-2.05489;-;CCOP(=S)(OCC)Oc1cc(C)nc(C(C)C)n1;;-2.42 log(cm/h);-2.42 log(cm/h);;;-;-2.41641;-;-2.41641;Inside (E/R)
113;113_CCc_cc1;-;-;113;-1.447155;-;CCc1ccc(O)cc1;-1.46 log(cm/h);-1.52 log(cm/h);-1.52 log(cm/h);-1.46 log(cm/h);;-1.46;-1.5151;-1.46;-1.5151;Inside (T/L/E/R)
114;114_CCc_CC3;-;-;114;-2.075925;-;CCc1cccc2c3c([nH]c12)C(CC)(CC(=O)O)OCC3;-2.13 log(cm/h);-2.34 log(cm/h);-2.34 log(cm/h);-2.13 log(cm/h);;-2.13;-2.34443;-2.13;-2.34443;Inside (T/L/E/R)
115;115_CN(_21C;-;-;115;-4.17196;-;CN(C)C(=O)CCC(=O)OCC(=O)[C@@]1(O)CC[C@H]2[C@@H]3CCC4=CC(=O)CC[C@]4(C)[C@H]3[C@@H](O)C[C@@]21C;;-4.44 log(cm/h);-4.44 log(cm/h);;;-;-4.43704;-;-4.43704;Inside (T/E/R)
116;116_CN(_cn1;-;-;116;-2.63852;-;CN(C)CCC(c1ccc(Cl)cc1)c1ccccn1;-2.63 log(cm/h);-2.59 log(cm/h);-2.59 log(cm/h);-2.63 log(cm/h);;-2.63;-2.59401;-2.63;-2.59401;Inside (T/L/E/R)
117;117_CN(_cc1;-;-;117;-1.7;-;CN(C)c1ccccc1;-1.7 log(cm/h);-1.77 log(cm/h);-1.77 log(cm/h);-1.7 log(cm/h);;-1.7;-1.76716;-1.7;-1.76716;Inside (T/L/E/R)
118;118_CN__)o1;-;-;118;-4.000925;-;CN/C(=C\[N+](=O)[O-])NCCSCc1ccc(CN(C)C)o1;-4.05 log(cm/h);-3.95 log(cm/h);-3.95 log(cm/h);-4.05 log(cm/h);;-4.05;-3.95106;-4.05;-3.95106;Inside (T/L/E/R)
119;119_CN__)n1;-;-;119;-4.32185;-;CN/C(=C\[N+](=O)[O-])NCCSCc1csc(CN(C)C)n1;;-4.12 log(cm/h);-4.12 log(cm/h);;;-;-4.1223;-;-4.1223;Inside (T/L/E/R)
120;120_CN1_)=O;-;-;120;-3.720615;-;CN1C(C(=O)Nc2ccccn2)=C(O)c2ccccc2S1(=O)=O;-3.81 log(cm/h);-3.51 log(cm/h);-3.51 log(cm/h);-3.81 log(cm/h);;-3.81;-3.50989;-3.81;-3.50989;Inside (T/L/E/R)
121;121_CN1_)=O;-;-;121;-3.05;-;CN1C(C(=O)Nc2ccccn2)=C(O)c2sccc2S1(=O)=O;;-3.44 log(cm/h);-3.44 log(cm/h);;;-;-3.43556;-;-3.43556;Inside (T/L/E/R)
122;122_CN1_1C5;-;-;122;-4.605255;-;CN1CC[C@]23c4c5ccc(O)c4O[C@H]2[C@@H](O)C=C[C@H]3[C@H]1C5;;-4.31 log(cm/h);-4.31 log(cm/h);;;-;-4.31404;-;-4.31404;Inside (T/L/E/R)
123;123_CN1_1C5;-;-;123;-4.82188;-;CN1CC[C@]23c4c5ccc(O)c4O[C@H]2[C@@H](O)CC[C@H]3[C@H]1C5;;-4.3 log(cm/h);-4.3 log(cm/h);;;-;-4.30135;-;-4.30135;Inside (T/L/E/R)
124;124_CN1_]21;-;-;124;-4.289735;-;CN1[C@H]2CC(OC(=O)[C@H](CO)c3ccccc3)C[C@@H]1[C@H]1O[C@@H]21;;-4.13 log(cm/h);-4.13 log(cm/h);;;-;-4.13191;-;-4.13191;Inside (T/L/E/R)
125;125_CN1_)C2;-;-;125;-4.479665;-;CN1[C@H]2CC[C@@H]1CC(OC(=O)C(CO)c1ccccc1)C2;;-3.39 log(cm/h);-3.39 log(cm/h);;;-;-3.38948;-;-3.38948;Inside (T/L/E/R)
126;126_CNC_c21;-;-;126;-2.88185;-;CNCCC=C1c2ccccc2CCc2ccccc21;;-2.0 log(cm/h);-2.0 log(cm/h);;;-;-1.99557;-;-1.99557;Inside (L/E/R)
127;127_CNN;-;-;127;-3.75;-;CNN;;-3.44 log(cm/h);-3.44 log(cm/h);;;-;-3.43827;-;-3.43827;Inside (L/E/R)
128;128_CN[_cc1;-;-;128;-2.207695;-;CN[C@@H](C)[C@H](O)c1ccccc1;;-2.22 log(cm/h);-2.22 log(cm/h);;;-;-2.22113;-;-2.22113;Inside (T/L/E/R)
129;129_CO;-;-;129;-3.25946875;-;CO;-3.3 log(cm/h);-3.3 log(cm/h);-3.3 log(cm/h);-3.3 log(cm/h);;-3.3;-3.30017;-3.3;-3.30017;Inside (T/L/E/R)
130;130_COC_21C;-;-;130;-2.26904;-;COC(=O)CCCCCC(=O)OCC(=O)C1(O)CCC2C3CCC4=CC(=O)CCC4(C)C3C(O)CC21C;;-4.23 log(cm/h);-4.23 log(cm/h);;;-;-4.23087;-;-4.23087;Inside (T/L/E)
131;131_COC_cc1;-;-;131;-1.70185;-;COC(=O)Cc1ccc(O)cc1;;-2.65 log(cm/h);-2.65 log(cm/h);;;-;-2.65337;-;-2.65337;Inside (T/L/E/R)
132;132_COC_cc1;-;-;132;-1.4158;-;COC(=O)c1ccc(N)cc1;;-2.56 log(cm/h);-2.56 log(cm/h);;;-;-2.55919;-;-2.55919;Inside (T/L/E/R)
133;133_COC_cc1;-;-;133;-2.01319;-;COC(=O)c1ccc(O)cc1;-2.04 log(cm/h);-2.25 log(cm/h);-2.25 log(cm/h);-2.04 log(cm/h);;-2.04;-2.25236;-2.04;-2.25236;Inside (T/L/E/R)
134;134_COC_c1O;-;-;134;-1.34185;-;COC(=O)c1ccccc1O;;-2.42 log(cm/h);-2.42 log(cm/h);;;-;-2.42089;-;-2.42089;Inside (T/L/E/R)
135;135_COC_nc1;-;-;135;-2.48458;-;COC(=O)c1cccnc1;-2.51 log(cm/h);-2.58 log(cm/h);-2.58 log(cm/h);-2.51 log(cm/h);;-2.51;-2.57888;-2.51;-2.57888;Inside (T/L/E/R)
136;136_COC_)CO;-;-;136;-;-;COC(C)COC(C)CO;;-3.25 log(cm/h);-3.25 log(cm/h);;;-;-3.25405;-;-3.25405;Inside (T/L/E/R)
137;137_COC_2=O;-;-;137;-2.85836;-;COC1=CC(=O)C[C@@H](C)[C@]12Oc1c(Cl)c(OC)cc(OC)c1C2=O;;-2.8 log(cm/h);-2.8 log(cm/h);;;-;-2.79574;-;-2.79574;Inside (T/E/R)
138;138_COCC(C)O;-;-;138;-2.820925;-;COCC(C)O;-2.9 log(cm/h);-3.14 log(cm/h);-3.14 log(cm/h);-2.9 log(cm/h);;-2.9;-3.14243;-2.9;-3.14243;Inside (T/L/E/R)
139;139_COCCO;-;-;139;-3.73;-;COCCO;-3.73 log(cm/h);-3.61 log(cm/h);-3.61 log(cm/h);-3.73 log(cm/h);;-3.73;-3.60824;-3.73;-3.60824;Inside (T/L/E/R)
140;140_COC_)=O;-;-;140;-;-;COCCOC(C)=O;-3.6 log(cm/h);-3.56 log(cm/h);-3.56 log(cm/h);-3.6 log(cm/h);;-3.6;-3.56347;-3.6;-3.56347;Inside (T/L/E/R)
141;141_COC_nc1;-;-;141;-3.51;-;COCCOCCOCCOC(=O)c1cccnc1;;-4.12 log(cm/h);-4.12 log(cm/h);;;-;-4.12426;-;-4.12426;Inside (T/L/E/R)
142;142_COC_cc1;-;-;142;-3.080925;-;COCCc1ccc(OCC(O)CNC(C)C)cc1;;-3.64 log(cm/h);-3.64 log(cm/h);;;-;-3.64341;-;-3.64341;Inside (T/L/E/R)
143;143_COc_c12;-;-;143;-1.65685;-;COc1c2occc2cc2ccc(=O)oc12;-1.56 log(cm/h);-1.63 log(cm/h);-1.63 log(cm/h);-1.56 log(cm/h);;-1.56;-1.62657;-1.56;-1.62657;Inside (T/E/R)
144;144_COc_cc1;-;-;144;-;-;COc1ccc2c(c1)c(CC(=O)O)c(C)n2C(=O)c1ccc(Cl)cc1;-1.83 log(cm/h);-2.17 log(cm/h);-2.17 log(cm/h);-1.83 log(cm/h);;-1.83;-2.16838;-1.83;-2.16838;Inside (T/L/E/R)
145;145_COc1ccccc1;-;-;145;-1.507105;-;COc1ccccc1;-1.6 log(cm/h);-1.7 log(cm/h);-1.7 log(cm/h);-1.6 log(cm/h);;-1.6;-1.69542;-1.6;-1.69542;Inside (T/L/E/R)
146;146_CS(_cc1;-;-;146;-2.89185;-;CS(=O)(=O)Nc1ccc([N+](=O)[O-])cc1Oc1ccccc1;;-2.18 log(cm/h);-2.18 log(cm/h);;;-;-2.1843;-;-2.1843;Inside (T/E/R)
147;147_C[C_C)O;-;-;147;-4.34477;-;C[C@@H](O)[C@@H](C)O;;-3.69 log(cm/h);-3.69 log(cm/h);;;-;-3.68909;-;-3.68909;Inside (T/L/E/R)
148;148_C[C_cc1;-;-;148;-2.68185;-;C[C@@H]1CC(=O)NN=C1c1ccc(NN=C(C#N)C#N)cc1;;-2.35 log(cm/h);-2.35 log(cm/h);;;-;-2.35405;-;-2.35405;Inside (L/E/R)
149;149_C[C_O)O;-;-;149;-4.82185;-;C[C@H](N)C(=O)N[C@@H](Cc1c[nH]c2ccccc12)C(=O)O;;-4.08 log(cm/h);-4.08 log(cm/h);;;-;-4.08096;-;-4.08096;Inside (T/E)
150;150_C[C_)CO;-;-;150;-3.75711;-;C[C@H]1C[C@H]2[C@@H]3CCC4=CC(=O)C=C[C@]4(C)[C@@]3(F)[C@@H](O)C[C@]2(C)[C@@]1(O)C(=O)CO;;-4.14 log(cm/h);-4.14 log(cm/h);;;-;-4.14096;-;-4.14096;Inside (T/L/E/R)
151;151_C[C_]1O;-;-;151;-4.85106;-;C[C@H]1O[C@@H](O[C@H]2[C@@H](O)C[C@H](O[C@H]3[C@@H](O)C[C@H](O[C@H]4CC[C@]5(C)[C@H]6CC[C@]7(C)[C@@H](C8=CC(=O)OC8)CC[C@]7(O)[C@@H]6CC[C@@H]5C4)O[C@@H]3C)O[C@@H]2C)C[C@H](O)[C@@H]1O;;-4.15 log(cm/h);-4.15 log(cm/h);;;-;-4.15252;-;-4.15252;Inside (T/E)
152;152_C[C_2=O;-;-;152;-2.42225;-;C[C@]12CC[C@@H]3c4ccc(O)cc4CC[C@H]3[C@@H]1CCC2=O;-2.44 log(cm/h);-2.36 log(cm/h);-2.36 log(cm/h);-2.44 log(cm/h);;-2.44;-2.36397;-2.44;-2.36397;Inside (T/L/E/R)
153;153_C[C_]2O;-;-;153;-4.39925;-;C[C@]12CC[C@@H]3c4ccc(O)cc4CC[C@H]3[C@@H]1C[C@@H](O)[C@@H]2O;;-3.68 log(cm/h);-3.68 log(cm/h);;;-;-3.68395;-;-3.68395;Inside (T/L/E/R)
154;154_C[C_)CO;-;-;154;-3.325205;-;C[C@]12CC[C@H]3[C@@H](CCC4=CC(=O)CC[C@@]43C)[C@@H]1CC[C@@H]2C(=O)CO;;-3.27 log(cm/h);-3.27 log(cm/h);;;-;-3.26833;-;-3.26833;Inside (T/L/E/R)
155;155_C[C_)CO;-;-;155;-4.08168;-;C[C@]12CC[C@H]3[C@@H](CCC4=CC(=O)CC[C@@]43C)[C@@H]1CC[C@@]2(O)C(=O)CO;;-3.9 log(cm/h);-3.9 log(cm/h);;;-;-3.89858;-;-3.89858;Inside (T/L/E/R)
156;156_C[C_)CO;-;-;156;-5.4;-;C[C@]12C[C@H](O)[C@@]3(F)[C@@H](CCC4=CC(=O)C=C[C@@]43C)[C@@H]1C[C@@H](O)[C@]2(O)C(=O)CO;;-4.5 log(cm/h);-4.5 log(cm/h);;;-;-4.50257;-;-4.50257;Inside (T/L/E/R)
157;157_C[C_)CO;-;-;157;-4.350925;-;C[C@]12C[C@H](O)[C@H]3[C@@H](CCC4=CC(=O)C=C[C@@]43C)[C@@H]1CC[C@]2(O)C(=O)CO;;-4.41 log(cm/h);-4.41 log(cm/h);;;-;-4.40709;-;-4.40709;Inside (T/L/E/R)
158;158_C[C_)CO;-;-;158;-4.01295;-;C[C@]12C[C@H](O)[C@H]3[C@@H](CCC4=CC(=O)CC[C@@]43C)[C@@H]1CC[C@@H]2C(=O)CO;-4.0 log(cm/h);-3.81 log(cm/h);-3.81 log(cm/h);-4.0 log(cm/h);;-4.0;-3.81049;-4.0;-3.81049;Inside (T/L/E/R)
159;159_C[C_O)O;-;-;159;-3.20016;-;C[C@]12C[C@H](O)[C@H]3[C@@H](CCC4=CC(=O)CC[C@@]43C)[C@@H]1CC[C@]2(O)C(=O)COC(=O)CCC(=O)O;;-4.08 log(cm/h);-4.08 log(cm/h);;;-;-4.07965;-;-4.07965;Inside (T/E/R)
160;160_C[C_)=O;-;-;160;-4.58834;-;C[C@]12C[C@H](O)[C@H]3[C@@H](CCC4=CC(=O)CC[C@@]43C)[C@@H]1CC[C@]2(O)C(=O)COC(=O)CCC(N)=O;;-4.16 log(cm/h);-4.16 log(cm/h);;;-;-4.15722;-;-4.15722;Inside (T/E/R)
161;161_C[C_O)O;-;-;161;-2.74618;-;C[C@]12C[C@H](O)[C@H]3[C@@H](CCC4=CC(=O)CC[C@@]43C)[C@@H]1CC[C@]2(O)C(=O)COC(=O)CCCCCC(=O)O;;-3.72 log(cm/h);-3.72 log(cm/h);;;-;-3.72435;-;-3.72435;Inside (T/L/E/R)
162;162_C[C_)=O;-;-;162;-3.0502;-;C[C@]12C[C@H](O)[C@H]3[C@@H](CCC4=CC(=O)CC[C@@]43C)[C@@H]1CC[C@]2(O)C(=O)COC(=O)CCCCCC(N)=O;;-3.85 log(cm/h);-3.85 log(cm/h);;;-;-3.85365;-;-3.85365;Inside (T/L/E/R)
163;163_C[n_cc1;-;-;163;-5.08016;-;C[n+]1ccc(-c2cc[n+](C)cc2)cc1;;-2.74 log(cm/h);-2.74 log(cm/h);;;-;-2.74428;-;-2.74428;Inside (L/E/R)
164;164_Cc1_n1C;-;-;164;-2.979565;-;Cc1c(N(C)C)c(=O)n(-c2ccccc2)n1C;;-3.25 log(cm/h);-3.25 log(cm/h);;;-;-3.24937;-;-3.24937;Inside (T/E/R)
165;165_Cc1_n1C;-;-;165;-4.18;-;Cc1cc(=O)n(-c2ccccc2)n1C;;-2.18 log(cm/h);-2.18 log(cm/h);;;-;-2.17638;-;-2.17638;Inside (T/L/E/R)
166;166_Cc1_c1O;-;-;166;-1.26333;-;Cc1cc(Cl)ccc1O;;-1.45 log(cm/h);-1.45 log(cm/h);;;-;-1.44916;-;-1.44916;Inside (T/L/E/R)
167;167_Cc1_1Cl;-;-;167;-1.243325;-;Cc1cc(O)cc(C)c1Cl;-1.23 log(cm/h);-1.26 log(cm/h);-1.26 log(cm/h);-1.23 log(cm/h);;-1.23;-1.26044;-1.23;-1.26044;Inside (T/L/E/R)
168;168_Cc1_1Cl;-;-;168;-1.20251;-;Cc1cc(O)ccc1Cl;;-1.35 log(cm/h);-1.35 log(cm/h);;;-;-1.35294;-;-1.35294;Inside (T/L/E/R)
169;169_Cc1_)c1;-;-;169;-1.229505;-;Cc1ccc(C(C)C)c(O)c1;-1.18 log(cm/h);-1.24 log(cm/h);-1.24 log(cm/h);-1.18 log(cm/h);;-1.18;-1.24004;-1.18;-1.24004;Inside (T/L/E/R)
170;170_Cc1_c1O;-;-;170;-1.2837;-;Cc1ccc(C(C)C)cc1O;;-1.28 log(cm/h);-1.28 log(cm/h);;;-;-1.27654;-;-1.27654;Inside (T/L/E/R)
171;171_Cc1_cc1;-;-;171;-1.76012;-;Cc1ccc(O)cc1;;-1.83 log(cm/h);-1.83 log(cm/h);;;-;-1.82532;-;-1.82532;Inside (T/L/E/R)
172;172_Cc1_c1C;-;-;172;-1.427075;-;Cc1ccc(O)cc1C;;-1.48 log(cm/h);-1.48 log(cm/h);;;-;-1.47714;-;-1.47714;Inside (T/L/E/R)
173;173_Cc1_)c1;-;-;173;-1.1;-;Cc1cccc(C)c1;;-1.55 log(cm/h);-1.55 log(cm/h);;;-;-1.55352;-;-1.55352;Inside (T/L/E/R)
174;174_Cc1_)c1;-;-;174;-1.81947375;-;Cc1cccc(O)c1;;-1.9 log(cm/h);-1.9 log(cm/h);;;-;-1.89537;-;-1.89537;Inside (T/L/E/R)
175;175_Cc1ccccc1N;-;-;175;-1.44;-;Cc1ccccc1N;;-2.04 log(cm/h);-2.04 log(cm/h);;;-;-2.03796;-;-2.03796;Inside (T/L/E/R)
176;176_Cc1ccccc1O;-;-;176;-1.80057375;-;Cc1ccccc1O;-1.8 log(cm/h);-1.84 log(cm/h);-1.84 log(cm/h);-1.8 log(cm/h);;-1.8;-1.83744;-1.8;-1.83744;Inside (T/L/E/R)
177;177_ClC(Br)Br;-;-;177;-0.75685;-;ClC(Br)Br;;-2.03 log(cm/h);-2.03 log(cm/h);;;-;-2.02789;-;-2.02789;Inside (T/L/E/R)
178;178_ClC_)Cl;-;-;178;-1.4;-;ClC(Cl)(Cl)C(Cl)(Cl)Cl;;-1.42 log(cm/h);-1.42 log(cm/h);;;-;-1.42408;-;-1.42408;Inside (T/L/E)
179;179_ClC_)Cl;-;-;179;-0.92;-;ClC(Cl)=C(Cl)C(Cl)=C(Cl)Cl;;-1.45 log(cm/h);-1.45 log(cm/h);;;-;-1.44558;-;-1.44558;Inside (T/E)
180;180_ClC_)Cl;-;-;180;-;-;ClC(Cl)=C(Cl)Cl;;-1.45 log(cm/h);-1.45 log(cm/h);;;-;-1.44975;-;-1.44975;Inside (T/L/E)
181;181_ClC(Cl)Br;-;-;181;-0.79685;-;ClC(Cl)Br;;-1.95 log(cm/h);-1.95 log(cm/h);;;-;-1.95017;-;-1.95017;Inside (T/L/E/R)
182;182_ClC=CCCl;-;-;182;-2.0;-;ClC=CCCl;;-1.9 log(cm/h);-1.9 log(cm/h);;;-;-1.90385;-;-1.90385;Inside (T/L/E/R)
183;183_ClCC1CO1;-;-;183;-3.43;-;ClCC1CO1;-3.43 log(cm/h);-3.36 log(cm/h);-3.36 log(cm/h);-3.43 log(cm/h);;-3.43;-3.35666;-3.43;-3.35666;Inside (T/L/E/R)
184;184_ClCCCl;-;-;184;-2.0;-;ClCCCl;-2.0 log(cm/h);-1.99 log(cm/h);-1.99 log(cm/h);-2.0 log(cm/h);;-2.0;-1.99071;-2.0;-1.99071;Inside (T/L/E/R)
185;185_Cn1_1=O;-;-;185;-3.64685;-;Cn1c(=O)c2[nH]cnc2n(C)c1=O;;-3.67 log(cm/h);-3.67 log(cm/h);;;-;-3.67344;-;-3.67344;Inside (T/L/E/R)
186;186_Cn1_)c1;-;-;186;-4.1637;-;Cn1cnc(C[C@H](N)C(=O)N2CCC[C@H]2C(=O)NC(=O)[C@@H]2CCC(=O)N2)c1;;-4.05 log(cm/h);-4.05 log(cm/h);;;-;-4.048;-;-4.048;Inside (E)
187;187_N#CC(Br)Br;-;-;187;-0.77185;-;N#CC(Br)Br;;-1.77 log(cm/h);-1.77 log(cm/h);;;-;-1.7693;-;-1.7693;Inside (L/E/R)
188;188_N#CC(Cl)Br;-;-;188;-0.79185;-;N#CC(Cl)Br;;-1.94 log(cm/h);-1.94 log(cm/h);;;-;-1.94348;-;-1.94348;Inside (L/E/R)
189;189_N#CC(Cl)Cl;-;-;189;-0.82185;-;N#CC(Cl)Cl;;-2.1 log(cm/h);-2.1 log(cm/h);;;-;-2.09813;-;-2.09813;Inside (L/E/R)
190;190_N#CCCl;-;-;190;-1.00185;-;N#CCCl;;-2.86 log(cm/h);-2.86 log(cm/h);;;-;-2.85537;-;-2.85537;Inside (L/E/R)
191;191_N#C_cc1;-;-;191;-2.025925;-;N#Cc1ccc(O)cc1;-1.98 log(cm/h);-2.11 log(cm/h);-2.11 log(cm/h);-1.98 log(cm/h);;-1.98;-2.11067;-1.98;-2.11067;Inside (T/L/E/R)
192;192_NC(_cc1;-;-;192;-3.33185;-;NC(=O)Cc1ccc(O)cc1;;-3.18 log(cm/h);-3.18 log(cm/h);;;-;-3.17537;-;-3.17537;Inside (L/E/R)
193;193_NC(_c21;-;-;193;-2.1237;-;NC(=O)N1c2ccccc2C=Cc2ccccc21;;-1.53 log(cm/h);-1.53 log(cm/h);;;-;-1.52971;-;-1.52971;Inside (L/E/R)
194;194_NC(_O)O;-;-;194;-3.95;-;NC(CC(=O)O)C(=O)O;;-3.76 log(cm/h);-3.76 log(cm/h);;;-;-3.75673;-;-3.75673;Inside (T/E/R)
195;195_NC(_O)O;-;-;195;-4.25;-;NC(Cc1cnc[nH]1)C(=O)O;;-3.96 log(cm/h);-3.96 log(cm/h);;;-;-3.96045;-;-3.96045;Inside (T/L/E/R)
196;196_NC(_cs1;-;-;196;-4.740925;-;NC(N)=Nc1nc(CSCC/C(N)=N/S(N)(=O)=O)cs1;;-3.96 log(cm/h);-3.96 log(cm/h);;;-;-3.9645;-;-3.9645;Outside
197;197_NC(N)=O;-;-;197;-3.82686;-;NC(N)=O;-3.83 log(cm/h);-3.69 log(cm/h);-3.69 log(cm/h);-3.83 log(cm/h);;-3.83;-3.68861;-3.83;-3.68861;Inside (T/L/E/R)
198;198_NCC_O)O;-;-;198;-4.15;-;NCC(=O)CCC(=O)O;;-3.64 log(cm/h);-3.64 log(cm/h);;;-;-3.63591;-;-3.63591;Inside (T/L/E/R)
199;199_NCC_cc1;-;-;199;-4.41;-;NCC(CC(=O)O)c1ccc(Cl)cc1;;-2.08 log(cm/h);-2.08 log(cm/h);;;-;-2.08103;-;-2.08103;Inside (T/L/E/R)
200;200_NCC_O)O;-;-;200;-3.42685;-;NCCCC[C@H](N)C(=O)O;-3.31 log(cm/h);-3.51 log(cm/h);-3.51 log(cm/h);-3.31 log(cm/h);;-3.31;-3.50688;-3.31;-3.50688;Inside (T/L/E/R)
201;201_NCCO;-;-;201;-4.02;-;NCCO;-4.02 log(cm/h);-3.77 log(cm/h);-3.77 log(cm/h);-4.02 log(cm/h);;-4.02;-3.76523;-4.02;-3.76523;Inside (T/L/E/R)
202;202_NCC_cc1;-;-;202;-3.77;-;NCCc1ccccc1;;-2.42 log(cm/h);-2.42 log(cm/h);;;-;-2.42368;-;-2.42368;Inside (L/E/R)
203;203_N[C_O)O;-;-;203;-4.18;-;N[C@@H](Cc1ccc(O)c(O)c1)C(=O)O;;-3.85 log(cm/h);-3.85 log(cm/h);;;-;-3.84652;-;-3.84652;Inside (T/L/E/R)
204;204_Nc1_c1O;-;-;204;-3.1225050000000003;-;Nc1cc([N+](=O)[O-])ccc1O;-3.11 log(cm/h);-2.96 log(cm/h);-2.96 log(cm/h);-3.11 log(cm/h);;-3.11;-2.95531;-3.11;-2.95531;Inside (T/L/E/R)
205;205_Nc1_)c1;-;-;205;-2.68;-;Nc1ccc(Cl)c(N)c1;-2.68 log(cm/h);-2.49 log(cm/h);-2.49 log(cm/h);-2.68 log(cm/h);;-2.68;-2.49015;-2.68;-2.49015;Inside (T/L/E/R)
206;206_Nc1_)c1;-;-;206;-3.26334;-;Nc1ccc(N)c([N+](=O)[O-])c1;-3.3 log(cm/h);-3.08 log(cm/h);-3.08 log(cm/h);-3.3 log(cm/h);;-3.3;-3.07635;-3.3;-3.07635;Inside (T/L/E/R)
207;207_Nc1_cc1;-;-;207;-3.5959;-;Nc1ccc(N)cc1;;-2.98 log(cm/h);-2.98 log(cm/h);;;-;-2.98354;-;-2.98354;Inside (T/L/E/R)
208;208_Nc1_)c1;-;-;208;-2.529305;-;Nc1ccc(O)c([N+](=O)[O-])c1;-2.55 log(cm/h);-2.69 log(cm/h);-2.69 log(cm/h);-2.55 log(cm/h);;-2.55;-2.69221;-2.55;-2.69221;Inside (T/L/E/R)
209;209_Nc1ccccc1N;-;-;209;-3.31325;-;Nc1ccccc1N;-3.29 log(cm/h);-3.05 log(cm/h);-3.05 log(cm/h);-3.29 log(cm/h);;-3.29;-3.05037;-3.29;-3.05037;Inside (T/L/E/R)
210;210_Nc1_)n1;-;-;210;-5.20185;-;Nc1ccn([C@@H]2O[C@H](CO)[C@@H](O)[C@@H]2O)c(=O)n1;;-3.96 log(cm/h);-3.96 log(cm/h);;;-;-3.96461;-;-3.96461;Inside (T/L/E/R)
211;211_Nc1_H]1;-;-;211;-3.52185;-;Nc1nc2c(ncn2COCCO)c(=O)[nH]1;;-3.56 log(cm/h);-3.56 log(cm/h);;;-;-3.56017;-;-3.56017;Inside (E/R)
212;212_O=C_cc1;-;-;212;-3.47;-;O=C(CCCN1CCC(O)(c2ccc(Cl)cc2)CC1)c1ccc(F)cc1;;-2.64 log(cm/h);-2.64 log(cm/h);;;-;-2.64144;-;-2.64144;Inside (T/L/E/R)
213;213_O=C_nc1;-;-;213;-3.64262;-;O=C(NCCO[N+](=O)[O-])c1cccnc1;-3.66 log(cm/h);-3.64 log(cm/h);-3.64 log(cm/h);-3.66 log(cm/h);;-3.66;-3.64125;-3.66;-3.64125;Inside (T/L/E/R)
214;214_O=C_)Br;-;-;214;-2.58;-;O=C(O)C(Br)Br;;-2.36 log(cm/h);-2.36 log(cm/h);;;-;-2.35834;-;-2.35834;Inside (T/L/E/R)
215;215_O=C_)Cl;-;-;215;-2.72;-;O=C(O)C(Cl)(Cl)Cl;;-2.14 log(cm/h);-2.14 log(cm/h);;;-;-2.13863;-;-2.13863;Inside (T/L/E)
216;216_O=C_)Br;-;-;216;-2.79;-;O=C(O)C(Cl)Br;;-2.48 log(cm/h);-2.48 log(cm/h);;;-;-2.48173;-;-2.48173;Inside (T/L/E/R)
217;217_O=C_)Cl;-;-;217;-2.72;-;O=C(O)C(Cl)Cl;;-2.59 log(cm/h);-2.59 log(cm/h);;;-;-2.59048;-;-2.59048;Inside (T/L/E/R)
218;218_O=C(O)CBr;-;-;218;-2.85;-;O=C(O)CBr;;-3.07 log(cm/h);-3.07 log(cm/h);;;-;-3.07253;-;-3.07253;Inside (T/L/E/R)
219;219_O=C(O)CCl;-;-;219;-2.95;-;O=C(O)CCl;;-3.07 log(cm/h);-3.07 log(cm/h);;;-;-3.07213;-;-3.07213;Inside (T/L/E/R)
220;220_O=C_c21;-;-;220;-4.0637;-;O=C(O)CN(CC(=O)O)Cc1cc2c(cc1O)Oc1cc(O)c(CN(CC(=O)O)CC(=O)O)cc1C21OC(=O)c2ccccc21;;-4.82 log(cm/h);-4.82 log(cm/h);;;-;-4.81787;-;-4.81787;Inside (T)
221;221_O=C_O)O;-;-;221;-3.33409;-;O=C(O)CNCP(=O)(O)O;;-3.45 log(cm/h);-3.45 log(cm/h);;;-;-3.44632;-;-3.44632;Inside (E)
222;222_O=C_cc1;-;-;222;-2.523425;-;O=C(O)Cc1ccc(O)cc1;;-2.73 log(cm/h);-2.73 log(cm/h);;;-;-2.72691;-;-2.72691;Inside (T/L/E/R)
223;223_O=C_cc1;-;-;223;-1.70507;-;O=C(O)c1ccccc1;;-2.23 log(cm/h);-2.23 log(cm/h);;;-;-2.23385;-;-2.23385;Inside (T/L/E/R)
224;224_O=C_)c1;-;-;224;-2.75685;-;O=C(O)c1ccccc1Nc1cccc(C(F)(F)F)c1;;-1.63 log(cm/h);-1.63 log(cm/h);;;-;-1.62519;-;-1.62519;Inside (T/L/E/R)
225;225_O=C_nc1;-;-;225;-4.6218;-;O=C(O)c1cccnc1;;-2.81 log(cm/h);-2.81 log(cm/h);;;-;-2.81448;-;-2.81448;Inside (T/L/E/R)
226;226_O=C_nc1;-;-;226;-1.76666;-;O=C(OCc1ccccc1)c1cccnc1;;-1.72 log(cm/h);-1.72 log(cm/h);;;-;-1.71949;-;-1.71949;Inside (T/L/E/R)
227;227_O=C_O)O;-;-;227;-2.41457;-;O=C(c1ccccc1)c1ccc2n1CCC2C(=O)O;;-2.65 log(cm/h);-2.65 log(cm/h);;;-;-2.64838;-;-2.64838;Inside (L/E/R)
228;228_O=C1CCCCC1;-;-;228;-2.74;-;O=C1CCCCC1;-2.74 log(cm/h);-2.4 log(cm/h);-2.4 log(cm/h);-2.74 log(cm/h);;-2.74;-2.39815;-2.74;-2.39815;Inside (T/L/E/R)
229;229_O=C_cc1;-;-;229;-0.89055;-;O=Cc1ccccc1;;-2.03 log(cm/h);-2.03 log(cm/h);;;-;-2.03192;-;-2.03192;Inside (L/E/R)
230;230_O=N_CCO;-;-;230;-5.11415;-;O=NN(CCO)CCO;;-3.7 log(cm/h);-3.7 log(cm/h);;;-;-3.69793;-;-3.69793;Inside (T/L/E/R)
231;231_O=[_O-];-;-;231;-1.95895;-;O=[N+]([O-])OCC(CO[N+](=O)[O-])O[N+](=O)[O-];;-3.55 log(cm/h);-3.55 log(cm/h);;;-;-3.5511;-;-3.5511;Inside (T/L/E/R)
232;232_O=[_]12;-;-;232;-3.4037;-;O=[N+]([O-])O[C@@H]1CO[C@@H]2[C@@H](O)CO[C@H]12;;-4.07 log(cm/h);-4.07 log(cm/h);;;-;-4.07432;-;-4.07432;Inside (T/L/E/R)
233;233_O=[_O-];-;-;233;-1.9437;-;O=[N+]([O-])O[C@H]1CO[C@H]2[C@@H]1OC[C@H]2O[N+](=O)[O-];;-3.9 log(cm/h);-3.9 log(cm/h);;;-;-3.90443;-;-3.90443;Inside (T/L/E/R)
234;234_O=[_cc1;-;-;234;-2.194535;-;O=[N+]([O-])c1ccc(O)cc1;-2.17 log(cm/h);-2.28 log(cm/h);-2.28 log(cm/h);-2.17 log(cm/h);;-2.17;-2.28224;-2.17;-2.28224;Inside (T/L/E/R)
235;235_O=[_)c1;-;-;235;-2.2202;-;O=[N+]([O-])c1cccc(O)c1;-2.25 log(cm/h);-2.26 log(cm/h);-2.26 log(cm/h);-2.25 log(cm/h);;-2.25;-2.25776;-2.25;-2.25776;Inside (T/L/E/R)
236;236_O=c_H]1;-;-;236;-;-;O=c1[nH]cc(F)c(=O)[nH]1;;-3.64 log(cm/h);-3.64 log(cm/h);;;-;-3.63827;-;-3.63827;Inside (T/L/E/R)
237;237_O=c_2o1;-;-;237;-2.018125;-;O=c1ccc2ccccc2o1;-2.04 log(cm/h);-1.95 log(cm/h);-1.95 log(cm/h);-2.04 log(cm/h);;-2.04;-1.94651;-2.04;-1.94651;Inside (T/L/E/R)
238;238_OC(_)Cl;-;-;238;-2.41185;-;OC(O)C(Cl)(Cl)Cl;;-3.51 log(cm/h);-3.51 log(cm/h);;;-;-3.50772;-;-3.50772;Inside (L/E/R)
239;239_OCCNCCO;-;-;239;-4.38;-;OCCNCCO;-4.38 log(cm/h);-4.17 log(cm/h);-4.17 log(cm/h);-4.38 log(cm/h);;-4.38;-4.17126;-4.38;-4.17126;Inside (T/L/E/R)
240;240_OCCO;-;-;240;-4.07;-;OCCO;;-3.89 log(cm/h);-3.89 log(cm/h);;;-;-3.88638;-;-3.88638;Inside (T/L/E/R)
241;241_OCC_cc1;-;-;241;-;-;OCCc1ccccc1;;-2.31 log(cm/h);-2.31 log(cm/h);;;-;-2.30772;-;-2.30772;Inside (T/L/E/R)
242;242_OC[_)CO;-;-;242;-4.755245;-;OC[C@@H](O)[C@@H](O)[C@H](O)[C@H](O)CO;-4.96 log(cm/h);-4.81 log(cm/h);-4.81 log(cm/h);-4.96 log(cm/h);;-4.96;-4.80852;-4.96;-4.80852;Inside (T/E/R)
243;243_OC[_]1O;-;-;243;-4.81;-;OC[C@H]1O[C@@](CO)(O[C@H]2O[C@H](CO[C@H]3O[C@H](CO)[C@H](O)[C@H](O)[C@H]3O)[C@@H](O)[C@H](O)[C@H]2O)[C@@H](O)[C@@H]1O;;-5.21 log(cm/h);-5.21 log(cm/h);;;-;-5.20783;-;-5.20783;Inside (T)
244;244_OC[_]1O;-;-;244;-5.260425;-;OC[C@H]1O[C@H](O[C@]2(CO)O[C@H](CO)[C@@H](O)[C@@H]2O)[C@H](O)[C@@H](O)[C@@H]1O;-5.28 log(cm/h);-5.0 log(cm/h);-5.0 log(cm/h);-5.28 log(cm/h);;-5.28;-5.00487;-5.28;-5.00487;Inside (T/E/R)
245;245_OCc_cc1;-;-;245;-2.7;-;OCc1ccc(O)cc1;;-2.79 log(cm/h);-2.79 log(cm/h);;;-;-2.78593;-;-2.78593;Inside (T/L/E/R)
246;246_OCc1ccccc1;-;-;246;-2.168085;-;OCc1ccccc1;-2.22 log(cm/h);-2.27 log(cm/h);-2.27 log(cm/h);-2.22 log(cm/h);;-2.22;-2.27215;-2.22;-2.27215;Inside (T/L/E/R)
247;247_Oc1_1Cl;-;-;247;-1.151995;-;Oc1c(Cl)cc(Cl)cc1Cl;-1.14 log(cm/h);-1.2 log(cm/h);-1.2 log(cm/h);-1.14 log(cm/h);;-1.14;-1.20275;-1.14;-1.20275;Inside (T/L/E/R)
248;248_Oc1_)c1;-;-;248;-2.462775;-;Oc1cc(O)cc(O)c1;;-2.78 log(cm/h);-2.78 log(cm/h);;;-;-2.78072;-;-2.78072;Inside (T/E)
249;249_Oc1_cc1;-;-;249;-1.43235375;-;Oc1ccc(Br)cc1;-1.44 log(cm/h);-1.52 log(cm/h);-1.52 log(cm/h);-1.44 log(cm/h);;-1.44;-1.51753;-1.44;-1.51753;Inside (T/L/E/R)
250;250_Oc1_cc1;-;-;250;-1.41027;-;Oc1ccc(Cl)cc1;;-1.61 log(cm/h);-1.61 log(cm/h);;;-;-1.6062;-;-1.6062;Inside (T/L/E/R)
251;251_Oc1_1Cl;-;-;251;-1.16173;-;Oc1ccc(Cl)cc1Cl;-1.14 log(cm/h);-1.19 log(cm/h);-1.19 log(cm/h);-1.14 log(cm/h);;-1.14;-1.1851;-1.14;-1.1851;Inside (T/L/E/R)
252;252_Oc1_)c1;-;-;252;-3.9;-;Oc1ccc(O)c(O)c1;;-2.67 log(cm/h);-2.67 log(cm/h);;;-;-2.67373;-;-2.67373;Inside (T/L/E/R)
253;253_Oc1_cc1;-;-;253;-2.902775;-;Oc1ccc(O)cc1;-2.95 log(cm/h);-2.81 log(cm/h);-2.81 log(cm/h);-2.95 log(cm/h);;-2.95;-2.81324;-2.95;-2.81324;Inside (T/L/E/R)
254;254_Oc1_2c1;-;-;254;-1.56463875;-;Oc1ccc2ccccc2c1;-1.59 log(cm/h);-1.54 log(cm/h);-1.54 log(cm/h);-1.59 log(cm/h);;-1.59;-1.54017;-1.59;-1.54017;Inside (T/L/E/R)
255;255_Oc1_)c1;-;-;255;-1.44;-;Oc1cccc(Cl)c1;;-1.58 log(cm/h);-1.58 log(cm/h);;;-;-1.58123;-;-1.58123;Inside (T/L/E/R)
256;256_Oc1_)c1;-;-;256;-3.08298;-;Oc1cccc(O)c1;-2.82 log(cm/h);-2.75 log(cm/h);-2.75 log(cm/h);-2.82 log(cm/h);;-2.82;-2.75067;-2.82;-2.75067;Inside (T/L/E/R)
257;257_Oc1_c1O;-;-;257;-2.94913;-;Oc1cccc(O)c1O;-2.36 log(cm/h);-2.59 log(cm/h);-2.59 log(cm/h);-2.36 log(cm/h);;-2.36;-2.5873;-2.36;-2.5873;Inside (T/L/E/R)
258;258_Oc1ccccc1;-;-;258;-2.0061487500000004;-;Oc1ccccc1;;-2.1 log(cm/h);-2.1 log(cm/h);;;-;-2.10393;-;-2.10393;Inside (T/L/E/R)
259;259_Oc1_1Cl;-;-;259;-1.4699987499999998;-;Oc1ccccc1Cl;;-1.52 log(cm/h);-1.52 log(cm/h);;;-;-1.52391;-;-1.52391;Inside (T/L/E/R)
260;260_Oc1ccccc1O;-;-;260;-2.55046;-;Oc1ccccc1O;-2.51 log(cm/h);-2.58 log(cm/h);-2.58 log(cm/h);-2.51 log(cm/h);;-2.51;-2.58395;-2.51;-2.58395;Inside (T/L/E/R)
261;261_c1c_cc1;-;-;261;-2.84;-;c1ccc(OCC2CO2)cc1;;-3.02 log(cm/h);-3.02 log(cm/h);;;-;-3.01619;-;-3.01619;Inside (T/L/E/R)
262;262_c1c_2c1;-;-;262;-;-;c1ccc2ccccc2c1;-1.16 log(cm/h);-1.17 log(cm/h);-1.17 log(cm/h);-1.16 log(cm/h);;-1.16;-1.17015;-1.16;-1.17015;Inside (T/L/E/R)
263;263_c1c_2c1;-;-;263;-1.778335;-;c1ccc2cnccc2c1;;-1.81 log(cm/h);-1.81 log(cm/h);;;-;-1.8128;-;-1.8128;Inside (T/L/E/R)
264;264_c1ccccc1;-;-;264;-0.88712;-;c1ccccc1;;-1.72 log(cm/h);-1.72 log(cm/h);;;-;-1.71669;-;-1.71669;Inside (T/L/E/R)
265;265_c1ccncc1;-;-;265;-2.74;-;c1ccncc1;-2.74 log(cm/h);-2.65 log(cm/h);-2.65 log(cm/h);-2.74 log(cm/h);;-2.74;-2.65437;-2.74;-2.65437;Inside (T/L/E/R)
266;266_Brc1ccccc1;-;-;266;-0.83716;-;Brc1ccccc1;-0.84 log(cm/h);-1.09 log(cm/h);-1.09 log(cm/h);-0.84 log(cm/h);;-0.84;-1.08686;-0.84;-1.08686;Inside (T/L/E/R)
267;267_C1=CCC=C1;-;-;267;-1.52288;-;C1=CCC=C1;-1.52 log(cm/h);-1.87 log(cm/h);-1.87 log(cm/h);-1.52 log(cm/h);;-1.52;-1.86771;-1.52;-1.86771;Inside (T/L/E/R)
268;268_C1=CCCCC1;-;-;268;-1.19044;-;C1=CCCCC1;;-1.58 log(cm/h);-1.58 log(cm/h);;;-;-1.58224;-;-1.58224;Inside (T/L/E/R)
269;269_C1=_2C1;-;-;269;-1.35556;-;C1=Cc2ccccc2C1;-1.36 log(cm/h);-1.34 log(cm/h);-1.34 log(cm/h);-1.36 log(cm/h);;-1.36;-1.34227;-1.36;-1.34227;Inside (T/L/E/R)
270;270_C1CCOC1;-;-;270;-2.83268;-;C1CCOC1;-2.83 log(cm/h);-2.79 log(cm/h);-2.79 log(cm/h);-2.83 log(cm/h);;-2.83;-2.78846;-2.83;-2.78846;Inside (T/L/E/R)
271;271_C=C_)OC;-;-;271;-2.35067;-;C=C(C)C(=O)OC;-2.35 log(cm/h);-2.53 log(cm/h);-2.53 log(cm/h);-2.35 log(cm/h);;-2.35;-2.52994;-2.35;-2.52994;Inside (T/L/E/R)
272;272_C=C(Cl)Cl;-;-;272;-1.7986;-;C=C(Cl)Cl;-1.8 log(cm/h);-1.85 log(cm/h);-1.85 log(cm/h);-1.8 log(cm/h);;-1.8;-1.85411;-1.8;-1.85411;Inside (T/L/E/R)
273;273_C=CC(=C)Cl;-;-;273;-1.46725;-;C=CC(=C)Cl;;-1.97 log(cm/h);-1.97 log(cm/h);;;-;-1.96947;-;-1.96947;Inside (T/L/E/R)
274;274_CC(_C)O;-;-;274;-3.06753;-;CC(=O)CC(C)(C)O;-3.07 log(cm/h);-2.96 log(cm/h);-2.96 log(cm/h);-3.07 log(cm/h);;-3.07;-2.95986;-3.07;-2.95986;Inside (T/L/E/R)
275;275_CC(_C)C;-;-;275;-2.08197;-;CC(=O)CCC(C)C;;-1.97 log(cm/h);-1.97 log(cm/h);;;-;-1.97091;-;-1.97091;Inside (T/L/E/R)
276;276_CC(_C)C;-;-;276;-2.17914;-;CC(=O)OC(C)(C)C;-2.18 log(cm/h);-2.25 log(cm/h);-2.25 log(cm/h);-2.18 log(cm/h);;-2.18;-2.24726;-2.18;-2.24726;Inside (T/L/E/R)
277;277_CC(_C)C;-;-;277;-1.90658;-;CC(=O)OCCC(C)C;-1.91 log(cm/h);-1.92 log(cm/h);-1.92 log(cm/h);-1.91 log(cm/h);;-1.91;-1.9219;-1.91;-1.9219;Inside (T/L/E/R)
278;278_CC(_12C;-;-;278;-2.82;-;CC(=O)[C@H]1CC[C@H]2[C@@H]3CCC4=CC(=O)CC[C@]4(C)[C@H]3CC[C@]12C;-2.82 log(cm/h);-2.57 log(cm/h);-2.57 log(cm/h);-2.82 log(cm/h);;-2.82;-2.56826;-2.82;-2.56826;Inside (T/L/E/R)
279;279_CC(C)(C)O;-;-;279;-2.92445;-;CC(C)(C)O;;-2.85 log(cm/h);-2.85 log(cm/h);;;-;-2.84979;-;-2.84979;Inside (T/L/E/R)
280;280_CC(_)c1;-;-;280;-1.28483;-;CC(C)(C)c1ccc(O)c(O)c1;-1.28 log(cm/h);-1.45 log(cm/h);-1.45 log(cm/h);-1.28 log(cm/h);;-1.28;-1.45222;-1.28;-1.45222;Inside (T/L/E/R)
281;281_CC(_cc1;-;-;281;-1.44;-;CC(C)Cc1ccc(C(C)C(=O)O)cc1;-1.44 log(cm/h);-1.52 log(cm/h);-1.52 log(cm/h);-1.44 log(cm/h);;-1.44;-1.52156;-1.44;-1.52156;Inside (T/L/E/R)
282;282_CC(_cc1;-;-;282;-3.57;-;CC(C)NCC(O)COc1ccc(COCCOC(C)C)cc1;-3.57 log(cm/h);-3.56 log(cm/h);-3.56 log(cm/h);-3.57 log(cm/h);;-3.57;-3.55559;-3.57;-3.55559;Inside (T/L/E/R)
283;283_CC(_cc1;-;-;283;-1.74715;-;CC(C)Nc1ccccc1;-1.75 log(cm/h);-1.75 log(cm/h);-1.75 log(cm/h);-1.75 log(cm/h);;-1.75;-1.74932;-1.75;-1.74932;Inside (T/L/E/R)
284;284_CC(_O-];-;-;284;-2.69465;-;CC(C)[N+](=O)[O-];;-2.74 log(cm/h);-2.74 log(cm/h);;;-;-2.73886;-;-2.73886;Inside (T/L/E/R)
285;285_CC(_O-];-;-;285;-2.60555;-;CC(CO[N+](=O)[O-])O[N+](=O)[O-];-2.61 log(cm/h);-2.98 log(cm/h);-2.98 log(cm/h);-2.61 log(cm/h);;-2.61;-2.97641;-2.61;-2.97641;Inside (T/L/E/R)
286;286_CC(Cl)Cl;-;-;286;-2.05257;-;CC(Cl)Cl;-2.05 log(cm/h);-1.97 log(cm/h);-1.97 log(cm/h);-2.05 log(cm/h);;-2.05;-1.967;-2.05;-1.967;Inside (T/L/E/R)
287;287_CC(O)C(C)O;-;-;287;-3.9136975;-;CC(O)C(C)O;-3.91 log(cm/h);-3.69 log(cm/h);-3.69 log(cm/h);-3.91 log(cm/h);;-3.91;-3.68909;-3.91;-3.68909;Inside (T/L/E/R)
288;288_CC1_C)C;-;-;288;-1.98716;-;CC12CCC(CC1=O)C2(C)C;-1.99 log(cm/h);-1.98 log(cm/h);-1.98 log(cm/h);-1.99 log(cm/h);;-1.99;-1.98182;-1.99;-1.98182;Inside (T/L/E/R)
289;289_CC1_)C1;-;-;289;-2.35655;-;CC1=CC(=O)CC(C)(C)C1;-2.36 log(cm/h);-2.17 log(cm/h);-2.17 log(cm/h);-2.36 log(cm/h);;-2.36;-2.17309;-2.36;-2.17309;Inside (T/L/E/R)
290;290_CC1CCCCC1;-;-;290;-0.75696;-;CC1CCCCC1;-0.76 log(cm/h);-0.98 log(cm/h);-0.98 log(cm/h);-0.76 log(cm/h);;-0.76;-0.97567;-0.76;-0.97567;Inside (T/L/E/R)
291;291_CCBr;-;-;291;-2.24185;-;CCBr;-2.24 log(cm/h);-2.25 log(cm/h);-2.25 log(cm/h);-2.24 log(cm/h);;-2.24;-2.24733;-2.24;-2.24733;Inside (T/L/E/R)
292;292_CCC(C)O;-;-;292;-2.55284;-;CCC(C)O;-2.55 log(cm/h);-2.69 log(cm/h);-2.69 log(cm/h);-2.55 log(cm/h);;-2.55;-2.69022;-2.55;-2.69022;Inside (T/L/E/R)
293;293_CCC_)=O;-;-;293;-2.20761;-;CCC(C)OC(C)=O;-2.21 log(cm/h);-2.24 log(cm/h);-2.24 log(cm/h);-2.21 log(cm/h);;-2.21;-2.2367;-2.21;-2.2367;Inside (T/L/E/R)
294;294_CCC_c1O;-;-;294;-1.23433;-;CCC(C)c1ccccc1O;-1.23 log(cm/h);-1.24 log(cm/h);-1.24 log(cm/h);-1.23 log(cm/h);;-1.23;-1.23655;-1.23;-1.23655;Inside (T/L/E/R)
295;295_CCCCCC(C)O;-;-;295;-1.48;-;CCCCCC(C)O;-1.48 log(cm/h);-1.67 log(cm/h);-1.67 log(cm/h);-1.48 log(cm/h);;-1.48;-1.66654;-1.48;-1.66654;Inside (T/L/E/R)
296;296_CCC_CCO;-;-;296;-1.1;-;CCCCCCCCCCO;-1.1 log(cm/h);-1.14 log(cm/h);-1.14 log(cm/h);-1.1 log(cm/h);;-1.1;-1.14204;-1.1;-1.14204;Inside (T/L/E/R)
297;297_CCC_)=O;-;-;297;-1.85387;-;CCCCCOC(C)=O;;-1.87 log(cm/h);-1.87 log(cm/h);;;-;-1.87156;-;-1.87156;Inside (T/L/E/R)
298;298_CCCCO;-;-;298;-2.5237;-;CCCCO;;-2.67 log(cm/h);-2.67 log(cm/h);;;-;-2.6689;-;-2.6689;Inside (T/L/E/R)
299;299_CCC_CCC;-;-;299;-2.37675;-;CCCCOP(=O)(O)OCCCC;-2.38 log(cm/h);-2.18 log(cm/h);-2.18 log(cm/h);-2.38 log(cm/h);;-2.38;-2.18376;-2.38;-2.18376;Inside (T/E/R)
300;300_CCC_O-];-;-;300;-2.64589;-;CCC[N+](=O)[O-];-2.65 log(cm/h);-2.75 log(cm/h);-2.75 log(cm/h);-2.65 log(cm/h);;-2.65;-2.74865;-2.65;-2.74865;Inside (T/L/E/R)
301;301_CCC_cc1;-;-;301;-0.97838;-;CCCc1ccccc1;-0.98 log(cm/h);-1.09 log(cm/h);-1.09 log(cm/h);-0.98 log(cm/h);;-0.98;-1.09229;-0.98;-1.09229;Inside (T/L/E/R)
302;302_CCN_)n1;-;-;302;-2.0;-;CCNc1nc(Cl)nc(NC(C)C)n1;;-3.16 log(cm/h);-3.16 log(cm/h);;;-;-3.16194;-;-3.16194;Inside (E)
303;303_CCOCC;-;-;303;-2.46;-;CCOCC;-2.46 log(cm/h);-2.55 log(cm/h);-2.55 log(cm/h);-2.46 log(cm/h);;-2.46;-2.55359;-2.46;-2.55359;Inside (T/L/E/R)
304;304_CCO_)=O;-;-;304;-3.09;-;CCOCCOC(C)=O;;-3.5 log(cm/h);-3.5 log(cm/h);;;-;-3.50494;-;-3.50494;Inside (T/L/E/R)
305;305_CCOCCOCCO;-;-;305;-3.88;-;CCOCCOCCO;-3.88 log(cm/h);-3.69 log(cm/h);-3.69 log(cm/h);-3.88 log(cm/h);;-3.88;-3.69366;-3.88;-3.69366;Inside (T/L/E/R)
306;306_CCc1ccccc1;-;-;306;-1.15;-;CCc1ccccc1;-1.15 log(cm/h);-1.32 log(cm/h);-1.32 log(cm/h);-1.15 log(cm/h);;-1.15;-1.32308;-1.15;-1.32308;Inside (T/L/E/R)
307;307_CN1_nc1;-;-;307;-2.1;-;CN1CCC[C@H]1c1cccnc1;;-2.5 log(cm/h);-2.5 log(cm/h);;;-;-2.49991;-;-2.49991;Inside (T/L/E/R)
308;308_CN1_CC1;-;-;308;-2.52;-;CN1CCN(C(c2ccccc2)c2ccccc2)CC1;-2.52 log(cm/h);-2.81 log(cm/h);-2.81 log(cm/h);-2.52 log(cm/h);;-2.52;-2.81277;-2.52;-2.81277;Inside (T/L/E/R)
309;309_CN1_1C5;-;-;309;-4.0737;-;CN1CC[C@]23c4c5ccc(O)c4O[C@H]2C(=O)CC[C@H]3[C@H]1C5;;-4.24 log(cm/h);-4.24 log(cm/h);;;-;-4.24023;-;-4.24023;Inside (T/L/E/R)
310;310_CNC_C)C;-;-;310;-2.59;-;CNC(=O)Oc1ccccc1OC(C)C;-2.59 log(cm/h);-2.59 log(cm/h);-2.59 log(cm/h);-2.59 log(cm/h);;-2.59;-2.58837;-2.59;-2.58837;Inside (T/E/R)
311;311_COC(C)=O;-;-;311;-3.04431;-;COC(C)=O;-3.04 log(cm/h);-2.99 log(cm/h);-2.99 log(cm/h);-3.04 log(cm/h);;-3.04;-2.98728;-3.04;-2.98728;Inside (T/L/E/R)
312;312_COC=O;-;-;312;-3.065;-;COC=O;;-3.03 log(cm/h);-3.03 log(cm/h);;;-;-3.02531;-;-3.02531;Inside (T/L/E/R)
313;313_COc_cc1;-;-;313;-2.64397;-;COc1ccc(O)cc1;;-2.27 log(cm/h);-2.27 log(cm/h);;;-;-2.2746;-;-2.2746;Inside (T/L/E/R)
314;314_COc_314;-;-;314;-4.0237;-;COc1ccc2c3c1O[C@H]1[C@@H](O)C=C[C@H]4[C@@H](C2)N(C)CC[C@]314;;-4.03 log(cm/h);-4.03 log(cm/h);;;-;-4.03268;-;-4.03268;Inside (T/L/E/R)
315;315_COc_2c1;-;-;315;-2.1837;-;COc1ccc2cc([C@H](C)C(=O)O)ccc2c1;;-1.71 log(cm/h);-1.71 log(cm/h);;;-;-1.71125;-;-1.71125;Inside (T/L/E/R)
316;316_COc_c1N;-;-;316;-2.63264;-;COc1ccccc1N;;-2.26 log(cm/h);-2.26 log(cm/h);;;-;-2.26403;-;-2.26403;Inside (T/L/E/R)
317;317_C[C_)CO;-;-;317;-3.97;-;C[C@@H]1C[C@H]2[C@@H]3CCC4=CC(=O)C=C[C@]4(C)[C@@]3(F)[C@@H](O)C[C@]2(C)[C@@]1(O)C(=O)CO;;-4.14 log(cm/h);-4.14 log(cm/h);;;-;-4.14096;-;-4.14096;Inside (T/L/E/R)
318;318_C[C_]1O;-;-;318;-;-;C[C@@H]1O[C@@H](O[C@H]2C[C@@H](O)[C@]3(CO)[C@H]4[C@H](O)C[C@]5(C)[C@@H](C6=CC(=O)OC6)CC[C@]5(O)[C@@H]4CC[C@]3(O)C2)[C@H](O)[C@H](O)[C@H]1O;-6.1 log(cm/h);-5.53 log(cm/h);-5.53 log(cm/h);-6.1 log(cm/h);;-6.1;-5.52661;-6.1;-5.52661;Inside (T/E/R)
319;319_C[C_)CO;-;-;319;-5.0;-;C[C@]12CC(=O)[C@H]3[C@@H](CCC4=CC(=O)CC[C@@]43C)[C@@H]1CC[C@]2(O)C(=O)CO;-5.0 log(cm/h);-4.76 log(cm/h);-4.76 log(cm/h);-5.0 log(cm/h);;-5.0;-4.75848;-5.0;-4.75848;Inside (T/L/E/R)
320;320_C[C_]12;-;-;320;-4.69;-;C[C@]12CCC(=O)C=C1CC[C@@H]1[C@@H]2[C@@H](O)C[C@]2(C=O)[C@@H](C(=O)CO)CC[C@@H]12;;-4.2 log(cm/h);-4.2 log(cm/h);;;-;-4.19601;-;-4.19601;Inside (T/L/E/R)
321;321_C[C_]2O;-;-;321;-2.7137;-;C[C@]12CC[C@H]3[C@@H](CCC4=CC(=O)CC[C@@]43C)[C@@H]1CC[C@@H]2O;-2.71 log(cm/h);-2.49 log(cm/h);-2.49 log(cm/h);-2.71 log(cm/h);;-2.71;-2.48735;-2.71;-2.48735;Inside (T/L/E/R)
322;322_C[C_)CO;-;-;322;-4.13;-;C[C@]12CC[C@H]3[C@@H](CCC4=CC(=O)CC[C@@]43C)[C@@H]1CC[C@]2(O)C(=O)CO;;-3.9 log(cm/h);-3.9 log(cm/h);;;-;-3.89858;-;-3.89858;Inside (T/L/E/R)
323;323_C[C_)CO;-;-;323;-4.2937;-;C[C@]12C[C@H](O)[C@H]3[C@@H](CCC4=CC(=O)CC[C@@]43C)[C@@H]1CC[C@]2(O)C(=O)CO;;-4.37 log(cm/h);-4.37 log(cm/h);;;-;-4.3743;-;-4.3743;Inside (T/L/E/R)
324;324_Cc1_)c1;-;-;324;-1.48282;-;Cc1cc(C)cc(O)c1;-1.48 log(cm/h);-1.48 log(cm/h);-1.48 log(cm/h);-1.48 log(cm/h);;-1.48;-1.48199;-1.48;-1.48199;Inside (T/L/E/R)
325;325_Cc1_cc1;-;-;325;-1.13136;-;Cc1ccc(C)cc1;;-1.4 log(cm/h);-1.4 log(cm/h);;;-;-1.40479;-;-1.40479;Inside (T/L/E/R)
326;326_Cc1_cc1;-;-;326;-2.38722;-;Cc1ccc(N)cc1;-2.39 log(cm/h);-2.24 log(cm/h);-2.24 log(cm/h);-2.39 log(cm/h);;-2.39;-2.24455;-2.39;-2.24455;Inside (T/L/E/R)
327;327_Cc1_cc1;-;-;327;-1.8729;-;Cc1ccc([N+](=O)[O-])cc1;-1.87 log(cm/h);-1.81 log(cm/h);-1.81 log(cm/h);-1.87 log(cm/h);;-1.87;-1.81003;-1.87;-1.81003;Inside (T/L/E/R)
328;328_Cc1_O-];-;-;328;-2.42481;-;Cc1ccc([N+](=O)[O-])cc1[N+](=O)[O-];-2.42 log(cm/h);-2.27 log(cm/h);-2.27 log(cm/h);-2.42 log(cm/h);;-2.42;-2.27028;-2.42;-2.27028;Inside (T/L/E/R)
329;329_Cc1_)c1;-;-;329;-1.781;-;Cc1cccc(CO)c1;-1.78 log(cm/h);-1.93 log(cm/h);-1.93 log(cm/h);-1.78 log(cm/h);;-1.78;-1.92514;-1.78;-1.92514;Inside (T/L/E/R)
330;330_Cc1_)c1;-;-;330;-2.37986;-;Cc1cccc(N)c1;-2.38 log(cm/h);-2.26 log(cm/h);-2.26 log(cm/h);-2.38 log(cm/h);;-2.38;-2.25584;-2.38;-2.25584;Inside (T/L/E/R)
331;331_Cc1_)c1;-;-;331;-1.81816;-;Cc1cccc([N+](=O)[O-])c1;;-1.81 log(cm/h);-1.81 log(cm/h);;;-;-1.81313;-;-1.81313;Inside (T/L/E/R)
332;332_Cc1ccccc1;-;-;332;-1.3;-;Cc1ccccc1;-1.3 log(cm/h);-1.35 log(cm/h);-1.35 log(cm/h);-1.3 log(cm/h);;-1.3;-1.35091;-1.3;-1.35091;Inside (T/L/E/R)
333;333_Cc1_1Cl;-;-;333;-1.06399;-;Cc1ccccc1Cl;-1.06 log(cm/h);-1.1 log(cm/h);-1.1 log(cm/h);-1.06 log(cm/h);;-1.06;-1.0952;-1.06;-1.0952;Inside (T/L/E/R)
334;334_Cc1_O-];-;-;334;-1.92445;-;Cc1ccccc1[N+](=O)[O-];-1.92 log(cm/h);-1.9 log(cm/h);-1.9 log(cm/h);-1.92 log(cm/h);;-1.92;-1.89853;-1.92;-1.89853;Inside (T/L/E/R)
335;335_ClC(Cl)Cl;-;-;335;-1.8;-;ClC(Cl)Cl;-1.8 log(cm/h);-1.84 log(cm/h);-1.84 log(cm/h);-1.8 log(cm/h);;-1.8;-1.83587;-1.8;-1.83587;Inside (T/L/E/R)
336;336_ClC_)Cl;-;-;336;-1.92;-;ClC=C(Cl)Cl;-1.92 log(cm/h);-1.76 log(cm/h);-1.76 log(cm/h);-1.92 log(cm/h);;-1.92;-1.75698;-1.92;-1.75698;Inside (T/L/E/R)
337;337_ClC=CCl;-;-;337;-1.9914;-;ClC=CCl;;-1.93 log(cm/h);-1.93 log(cm/h);;;-;-1.92975;-;-1.92975;Inside (T/L/E/R)
338;338_ClC_CCl;-;-;338;-2.00745;-;ClCC(Cl)CCl;-2.01 log(cm/h);-1.9 log(cm/h);-1.9 log(cm/h);-2.01 log(cm/h);;-2.01;-1.8996;-2.01;-1.8996;Inside (T/L/E/R)
339;339_ClC_cc1;-;-;339;-1.86012;-;ClCc1ccccc1;-1.86 log(cm/h);-1.68 log(cm/h);-1.68 log(cm/h);-1.86 log(cm/h);;-1.86;-1.67749;-1.86;-1.67749;Inside (T/L/E/R)
340;340_Clc_cc1;-;-;340;-1.17457;-;Clc1ccc(Cl)cc1;-1.17 log(cm/h);-1.17 log(cm/h);-1.17 log(cm/h);-1.17 log(cm/h);;-1.17;-1.1658;-1.17;-1.1658;Inside (T/L/E/R)
341;341_Clc_1Cl;-;-;341;-1.18111;-;Clc1ccccc1Cl;-1.18 log(cm/h);-1.15 log(cm/h);-1.15 log(cm/h);-1.18 log(cm/h);;-1.18;-1.15206;-1.18;-1.15206;Inside (T/L/E/R)
342;342_Cn1_1=O;-;-;342;-3.96;-;Cn1c(=O)c2c(ncn2C)n(C)c1=O;-3.96 log(cm/h);-3.76 log(cm/h);-3.76 log(cm/h);-3.96 log(cm/h);;-3.96;-3.75939;-3.96;-3.75939;Inside (T/E/R)
343;343_N#C_)c1;-;-;343;-2.93181;-;N#Cc1cccc(C#N)c1;;-2.04 log(cm/h);-2.04 log(cm/h);;;-;-2.03764;-;-2.03764;Inside (L/E/R)
344;344_NC=O;-;-;344;-4.06702;-;NC=O;;-3.51 log(cm/h);-3.51 log(cm/h);;;-;-3.50693;-;-3.50693;Inside (T/L/E/R)
345;345_NNc1ccccc1;-;-;345;-2.49214;-;NNc1ccccc1;;-2.74 log(cm/h);-2.74 log(cm/h);;;-;-2.74268;-;-2.74268;Inside (T/L/E/R)
346;346_N[C_O)O;-;-;346;-3.8736975;-;N[C@@H](CC(=O)O)C(=O)O;-3.87 log(cm/h);-3.76 log(cm/h);-3.76 log(cm/h);-3.87 log(cm/h);;-3.87;-3.75673;-3.87;-3.75673;Inside (T/E/R)
347;347_N[C_O)O;-;-;347;-4.2637;-;N[C@@H](Cc1cnc[nH]1)C(=O)O;;-3.96 log(cm/h);-3.96 log(cm/h);;;-;-3.96045;-;-3.96045;Inside (T/L/E/R)
348;348_Nc1_cc1;-;-;348;-2.57512;-;Nc1ccc([N+](=O)[O-])cc1;;-2.55 log(cm/h);-2.55 log(cm/h);;;-;-2.54656;-;-2.54656;Inside (T/L/E/R)
349;349_Nc1ccccc1;-;-;349;-2.65;-;Nc1ccccc1;-2.65 log(cm/h);-2.52 log(cm/h);-2.52 log(cm/h);-2.65 log(cm/h);;-2.65;-2.52137;-2.65;-2.52137;Inside (T/L/E/R)
350;350_Nc1_H]1;-;-;350;-3.84466;-;Nc1ncn[nH]1;;-3.62 log(cm/h);-3.62 log(cm/h);;;-;-3.6229;-;-3.6229;Inside (T/L/E/R)
351;351_O=C_cc1;-;-;351;-2.29414;-;O=C(CCl)c1ccccc1;-2.29 log(cm/h);-1.98 log(cm/h);-1.98 log(cm/h);-2.29 log(cm/h);;-2.29;-1.9804;-2.29;-1.9804;Inside (T/L/E/R)
352;352_O=C_1Cl;-;-;352;-1.74;-;O=C(O)Cc1ccccc1Nc1c(Cl)cccc1Cl;-1.74 log(cm/h);-1.77 log(cm/h);-1.77 log(cm/h);-1.74 log(cm/h);;-1.74;-1.76503;-1.74;-1.76503;Inside (T/L/E/R)
353;353_O=C_c1O;-;-;353;-2.2036975;-;O=C(O)c1ccccc1O;-2.2 log(cm/h);-2.37 log(cm/h);-2.37 log(cm/h);-2.2 log(cm/h);;-2.2;-2.36859;-2.2;-2.36859;Inside (T/L/E/R)
354;354_O=CO;-;-;354;-3.52;-;O=CO;-3.52 log(cm/h);-3.41 log(cm/h);-3.41 log(cm/h);-3.52 log(cm/h);;-3.52;-3.40932;-3.52;-3.40932;Inside (T/L/E/R)
355;355_O=[_cc1;-;-;355;-2.70997;-;O=[N+]([O-])c1ccc([N+](=O)[O-])cc1;-2.71 log(cm/h);-2.46 log(cm/h);-2.46 log(cm/h);-2.71 log(cm/h);;-2.71;-2.45888;-2.71;-2.45888;Inside (T/L/E/R)
356;356_O=[_)c1;-;-;356;-2.68825;-;O=[N+]([O-])c1cccc([N+](=O)[O-])c1;-2.69 log(cm/h);-2.58 log(cm/h);-2.58 log(cm/h);-2.69 log(cm/h);;-2.69;-2.57595;-2.69;-2.57595;Inside (T/L/E/R)
357;357_O=[_O-];-;-;357;-2.54516;-;O=[N+]([O-])c1ccccc1[N+](=O)[O-];;-2.44 log(cm/h);-2.44 log(cm/h);;;-;-2.44387;-;-2.44387;Inside (T/E/R)
358;358_OC1CCCCC1;-;-;358;-2.21467;-;OC1CCCCC1;;-2.18 log(cm/h);-2.18 log(cm/h);;;-;-2.1759;-;-2.1759;Inside (T/L/E/R)
359;359_OCC_cc1;-;-;359;-1.0037;-;OCCCCCCc1ccccc1;;-1.24 log(cm/h);-1.24 log(cm/h);;;-;-1.23832;-;-1.23832;Inside (T/L/E/R)
360;360_OCC_cc1;-;-;360;-1.1837;-;OCCCCc1ccccc1;-1.18 log(cm/h);-1.36 log(cm/h);-1.36 log(cm/h);-1.18 log(cm/h);;-1.18;-1.3558;-1.18;-1.3558;Inside (T/L/E/R)
361;361_OCC_cc1;-;-;361;-1.28;-;OCCCc1ccccc1;-1.28 log(cm/h);-1.47 log(cm/h);-1.47 log(cm/h);-1.28 log(cm/h);;-1.28;-1.46553;-1.28;-1.46553;Inside (T/L/E/R)
362;362_OCC_cc1;-;-;362;-2.88;-;OCCOc1ccccc1;;-3.1 log(cm/h);-3.1 log(cm/h);;;-;-3.10079;-;-3.10079;Inside (T/L/E/R)
363;363_Oc1_)c1;-;-;363;-1.35022;-;Oc1cccc(Br)c1;-1.35 log(cm/h);-1.44 log(cm/h);-1.44 log(cm/h);-1.35 log(cm/h);;-1.35;-1.44409;-1.35;-1.44409;Inside (T/L/E/R)
364;364_Oc1_c12;-;-;364;-1.55;-;Oc1cccc2ccccc12;-1.55 log(cm/h);-1.52 log(cm/h);-1.52 log(cm/h);-1.55 log(cm/h);;-1.55;-1.51612;-1.55;-1.51612;Inside (T/L/E/R)
365;365_S=C=S;-;-;365;-1.66555;-;S=C=S;;-2.64 log(cm/h);-2.64 log(cm/h);;;-;-2.63574;-;-2.63574;Inside (L/E)
366;366_c1c_cc1;-;-;366;-0.83565;-;c1ccc(-c2ccccc2)cc1;-0.84 log(cm/h);-0.98 log(cm/h);-0.98 log(cm/h);-0.84 log(cm/h);;-0.84;-0.98051;-0.84;-0.98051;Inside (T/L/E/R)
367;367_c1c_cc1;-;-;367;-1.26761;-;c1ccc(Nc2ccccc2)cc1;-1.27 log(cm/h);-1.24 log(cm/h);-1.24 log(cm/h);-1.27 log(cm/h);;-1.27;-1.24076;-1.27;-1.24076;Inside (T/L/E/R)
