SAN_SMILES;y;ID;orig_ID;CAS;NAME;UNITS;smiles_source;ORIGINAL_SMILES;MOL_OBJECT;SMILES;y_old
C=CCOc1ccc(Cl)cc1[C@H]1C[C@@H]1CN.O=C(O)C(F)(F)F;1;7735;;;;classhERG;SMILES;C=CCOc1ccc(Cl)cc1[C@H]1C[C@@H]1CN.O=C(O)C(F)(F)F;<rdkit.Chem.rdchem.Mol object at 0x73486721ad60>;C=CCOc1ccc(Cl)cc1[C@H]1C[C@@H]1CN.O=C(O)C(F)(F)F;[1]
CC(C)C(=O)NCCN1CCC[C@@H]1Cn1nc(Cc2ccc(Cl)cc2)c2ccccc2c1=O.O=C(O)C(F)(F)F;1;9418;;;;classhERG;SMILES;CC(C)C(=O)NCCN1CCC[C@@H]1Cn1nc(Cc2ccc(Cl)cc2)c2ccccc2c1=O.O=C(O)C(F)(F)F;<rdkit.Chem.rdchem.Mol object at 0x7348671f3e80>;CC(C)C(=O)NCCN1CCC[C@@H]1Cn1nc(Cc2ccc(Cl)cc2)c2ccccc2c1=O.O=C(O)C(F)(F)F;[1]
CC(C)[C@@H](Oc1ccc(CNC(=O)[C@@H]2CCCN2C(=O)CC(N)Cc2cc(F)ccc2F)cc1)C(=O)O.O=C(O)C(F)(F)F;0;652;;;;classhERG;SMILES;CC(C)[C@@H](Oc1ccc(CNC(=O)[C@@H]2CCCN2C(=O)CC(N)Cc2cc(F)ccc2F)cc1)C(=O)O.O=C(O)C(F)(F)F;<rdkit.Chem.rdchem.Mol object at 0x7348673ae700>;CC(C)[C@@H](Oc1ccc(CNC(=O)[C@@H]2CCCN2C(=O)CC(N)Cc2cc(F)ccc2F)cc1)C(=O)O.O=C(O)C(F)(F)F;[0]
CC(C)[C@H](Oc1ccc(CNC(=O)[C@@H]2CCCN2C(=O)C[C@H](N)Cc2cc(F)ccc2F)cc1)C(=O)O.O=C(O)C(F)(F)F;0;6022;;;;classhERG;SMILES;CC(C)[C@H](Oc1ccc(CNC(=O)[C@@H]2CCCN2C(=O)C[C@H](N)Cc2cc(F)ccc2F)cc1)C(=O)O.O=C(O)C(F)(F)F;<rdkit.Chem.rdchem.Mol object at 0x7348672c3580>;CC(C)[C@H](Oc1ccc(CNC(=O)[C@@H]2CCCN2C(=O)C[C@H](N)Cc2cc(F)ccc2F)cc1)C(=O)O.O=C(O)C(F)(F)F;[0]
CC(C)n1nc(-c2nnc(C3CCN(C4CCC4)CC3)o2)c2ccccc21.O=C(O)C(=O)O;1;9030;;;;classhERG;SMILES;CC(C)n1nc(-c2nnc(C3CCN(C4CCC4)CC3)o2)c2ccccc21.O=C(O)C(=O)O;<rdkit.Chem.rdchem.Mol object at 0x7348671e1280>;CC(C)n1nc(-c2nnc(C3CCN(C4CCC4)CC3)o2)c2ccccc21.O=C(O)C(=O)O;[1]
CC(C)n1nc(-c2nnc(C3CCN(CC4(O)CCCC4)CC3)o2)c2ccccc21.O=C(O)C(=O)O;1;9411;;;;classhERG;SMILES;CC(C)n1nc(-c2nnc(C3CCN(CC4(O)CCCC4)CC3)o2)c2ccccc21.O=C(O)C(=O)O;<rdkit.Chem.rdchem.Mol object at 0x7348671f3be0>;CC(C)n1nc(-c2nnc(C3CCN(CC4(O)CCCC4)CC3)o2)c2ccccc21.O=C(O)C(=O)O;[1]
CC(C)n1nc(-c2nnc(C3CCN(CC4CCOCC4)CC3)o2)c2ccccc21.O=C(O)C(=O)O;1;9315;;;;classhERG;SMILES;CC(C)n1nc(-c2nnc(C3CCN(CC4CCOCC4)CC3)o2)c2ccccc21.O=C(O)C(=O)O;<rdkit.Chem.rdchem.Mol object at 0x7348671ef3a0>;CC(C)n1nc(-c2nnc(C3CCN(CC4CCOCC4)CC3)o2)c2ccccc21.O=C(O)C(=O)O;[1]
CC(c1nc(-c2ccc(S(C)(=O)=O)cc2Cl)no1)[C@H](N)C(F)=C1CCCC1.O=C(O)C(F)(F)F;0;[24, 5299];[nan, nan];[nan, nan];[nan, nan];classhERG;SMILES;CC(c1nc(-c2ccc(S(C)(=O)=O)cc2Cl)no1)[C@H](N)C(F)=C1CCCC1.O=C(O)C(F)(F)F;[<rdkit.Chem.rdchem.Mol object at 0x73486738f0a0>, <rdkit.Chem.rdchem.Mol object at 0x73486729e040>];CC(c1nc(-c2ccc(S(C)(=O)=O)cc2Cl)no1)[C@H](N)C(F)=C1CCCC1.O=C(O)C(F)(F)F;[0, 0]
CCC(=O)NCCN1CCC[C@@H]1Cn1nc(Cc2ccc(Cl)cc2)c2ccccc2c1=O.O=C(O)C(F)(F)F;1;9417;;;;classhERG;SMILES;CCC(=O)NCCN1CCC[C@@H]1Cn1nc(Cc2ccc(Cl)cc2)c2ccccc2c1=O.O=C(O)C(F)(F)F;<rdkit.Chem.rdchem.Mol object at 0x7348671f3e20>;CCC(=O)NCCN1CCC[C@@H]1Cn1nc(Cc2ccc(Cl)cc2)c2ccccc2c1=O.O=C(O)C(F)(F)F;[1]
CCCC(=O)NCCN1CCC[C@@H]1Cn1nc(Cc2ccc(Cl)cc2)c2ccccc2c1=O.O=C(O)C(F)(F)F;1;9396;;;;classhERG;SMILES;CCCC(=O)NCCN1CCC[C@@H]1Cn1nc(Cc2ccc(Cl)cc2)c2ccccc2c1=O.O=C(O)C(F)(F)F;<rdkit.Chem.rdchem.Mol object at 0x7348671f3640>;CCCC(=O)NCCN1CCC[C@@H]1Cn1nc(Cc2ccc(Cl)cc2)c2ccccc2c1=O.O=C(O)C(F)(F)F;[1]
CCCCCCC[N+](CC)(CC)CC#Cc1ccc(Cl)cc1.Cc1ccc(S(=O)(=O)[O-])cc1;1;7544;;;;classhERG;SMILES;CCCCCCC[N+](CC)(CC)CC#Cc1ccc(Cl)cc1.Cc1ccc(S(=O)(=O)[O-])cc1;<rdkit.Chem.rdchem.Mol object at 0x734867211820>;CCCCCCC[N+](CC)(CC)CC#Cc1ccc(Cl)cc1.Cc1ccc(S(=O)(=O)[O-])cc1;[1]
CCCCCCC[N+](CC)(CC)CCCCc1ccc(Cl)cc1.Cc1ccc(S(=O)(=O)[O-])cc1;1;[4034, 4509];[nan, nan];[nan, nan];[nan, nan];classhERG;SMILES;CCCCCCC[N+](CC)(CC)CCCCc1ccc(Cl)cc1.Cc1ccc(S(=O)(=O)[O-])cc1;[<rdkit.Chem.rdchem.Mol object at 0x7348672f4a00>, <rdkit.Chem.rdchem.Mol object at 0x7348672dd3a0>];CCCCCCC[N+](CC)(CC)CCCCc1ccc(Cl)cc1.Cc1ccc(S(=O)(=O)[O-])cc1;[1, 1]
CCN(CC)CC.NC(=O)c1ccc(-c2cc(C(=O)O)cc(-n3cc(-c4ccc(C(F)(F)F)cc4)nn3)c2)cc1;1;8899;;;;classhERG;SMILES;CCN(CC)CC.NC(=O)c1ccc(-c2cc(C(=O)O)cc(-n3cc(-c4ccc(C(F)(F)F)cc4)nn3)c2)cc1;<rdkit.Chem.rdchem.Mol object at 0x7348671d95e0>;CCN(CC)CC.NC(=O)c1ccc(-c2cc(C(=O)O)cc(-n3cc(-c4ccc(C(F)(F)F)cc4)nn3)c2)cc1;[1]
CCOc1cc(CN2CCC3(CC2)CC(=O)N(c2ccc(C(=O)O)cc2)C3)cc(OCC)c1-c1ccc(F)cc1.O=C(O)C(F)(F)F;0;6458;;;;classhERG;SMILES;CCOc1cc(CN2CCC3(CC2)CC(=O)N(c2ccc(C(=O)O)cc2)C3)cc(OCC)c1-c1ccc(F)cc1.O=C(O)C(F)(F)F;<rdkit.Chem.rdchem.Mol object at 0x73486725a340>;CCOc1cc(CN2CCC3(CC2)CC(=O)N(c2ccc(C(=O)O)cc2)C3)cc(OCC)c1-c1ccc(F)cc1.O=C(O)C(F)(F)F;[0]
CN(C)C(=O)[C@@H](c1ccc(-c2ccc(F)cc2)cc1)[C@H](N)C(=O)N1CC[C@H](F)C1.O=C(O)C(F)(F)F;1;3476;;;;classhERG;SMILES;CN(C)C(=O)[C@@H](c1ccc(-c2ccc(F)cc2)cc1)[C@H](N)C(=O)N1CC[C@H](F)C1.O=C(O)C(F)(F)F;<rdkit.Chem.rdchem.Mol object at 0x73486733ff40>;CN(C)C(=O)[C@@H](c1ccc(-c2ccc(F)cc2)cc1)[C@H](N)C(=O)N1CC[C@H](F)C1.O=C(O)C(F)(F)F;[1]
CN(C)C(=O)[C@@H](c1ccc(-c2ccn3ncnc3c2)cc1)[C@H](N)C(=O)N1CCC(F)(F)C1.O=C(O)C(F)(F)F;0;167;;;;classhERG;SMILES;CN(C)C(=O)[C@@H](c1ccc(-c2ccn3ncnc3c2)cc1)[C@H](N)C(=O)N1CCC(F)(F)C1.O=C(O)C(F)(F)F;<rdkit.Chem.rdchem.Mol object at 0x7348673950a0>;CN(C)C(=O)[C@@H](c1ccc(-c2ccn3ncnc3c2)cc1)[C@H](N)C(=O)N1CCC(F)(F)C1.O=C(O)C(F)(F)F;[0]
CN(C)c1ccc(/N=N/c2ccccn2)c(O)c1.CS(=O)(=O)O;1;8574;;;;classhERG;SMILES;CN(C)c1ccc(/N=N/c2ccccn2)c(O)c1.CS(=O)(=O)O;<rdkit.Chem.rdchem.Mol object at 0x7348671c7340>;CN(C)c1ccc(/N=N/c2ccccn2)c(O)c1.CS(=O)(=O)O;[1]
CN(C)c1ccc(/N=N/c2ccccn2)c(O)c1.Cc1ccc(S(=O)(=O)O)cc1;1;6696;;;;classhERG;SMILES;CN(C)c1ccc(/N=N/c2ccccn2)c(O)c1.Cc1ccc(S(=O)(=O)O)cc1;<rdkit.Chem.rdchem.Mol object at 0x734867266340>;CN(C)c1ccc(/N=N/c2ccccn2)c(O)c1.Cc1ccc(S(=O)(=O)O)cc1;[1]
CN(C)c1ccc(/N=N/c2ccccn2)c(O)c1.O=C(O)/C=C\C(=O)O;1;9457;;;;classhERG;SMILES;CN(C)c1ccc(/N=N/c2ccccn2)c(O)c1.O=C(O)/C=C\C(=O)O;<rdkit.Chem.rdchem.Mol object at 0x7348671f7040>;CN(C)c1ccc(/N=N/c2ccccn2)c(O)c1.O=C(O)/C=C\C(=O)O;[1]
CN(C)c1ccc(/N=N/c2ccccn2)c(O)c1.O=C(O)C(=O)O;1;7927;;;;classhERG;SMILES;CN(C)c1ccc(/N=N/c2ccccn2)c(O)c1.O=C(O)C(=O)O;<rdkit.Chem.rdchem.Mol object at 0x734867225580>;CN(C)c1ccc(/N=N/c2ccccn2)c(O)c1.O=C(O)C(=O)O;[1]
CN(C)c1ccc(/N=N/c2ccccn2)c(O)c1.O=C(O)CCC(=O)O;1;9242;;;;classhERG;SMILES;CN(C)c1ccc(/N=N/c2ccccn2)c(O)c1.O=C(O)CCC(=O)O;<rdkit.Chem.rdchem.Mol object at 0x7348671ec340>;CN(C)c1ccc(/N=N/c2ccccn2)c(O)c1.O=C(O)CCC(=O)O;[1]
CN(C)c1ccc(/N=N/c2ccccn2)c(O)c1.O=C(O)c1cc(O)ccc1O;1;8886;;;;classhERG;SMILES;CN(C)c1ccc(/N=N/c2ccccn2)c(O)c1.O=C(O)c1cc(O)ccc1O;<rdkit.Chem.rdchem.Mol object at 0x7348671d9040>;CN(C)c1ccc(/N=N/c2ccccn2)c(O)c1.O=C(O)c1cc(O)ccc1O;[1]
CN(C)c1ccc(/N=N/c2ccccn2)c(O)c1.O=S(=O)(O)CCS(=O)(=O)O;1;9458;;;;classhERG;SMILES;CN(C)c1ccc(/N=N/c2ccccn2)c(O)c1.O=S(=O)(O)CCS(=O)(=O)O;<rdkit.Chem.rdchem.Mol object at 0x7348671f70a0>;CN(C)c1ccc(/N=N/c2ccccn2)c(O)c1.O=S(=O)(O)CCS(=O)(=O)O;[1]
CN(C)c1ccc(/N=N/c2ccccn2)c(O)c1.O=S(=O)(O)O;1;6728;;;;classhERG;SMILES;CN(C)c1ccc(/N=N/c2ccccn2)c(O)c1.O=S(=O)(O)O;<rdkit.Chem.rdchem.Mol object at 0x734867268160>;CN(C)c1ccc(/N=N/c2ccccn2)c(O)c1.O=S(=O)(O)O;[1]
CN(C)c1ccc(/N=N/c2ccccn2)c(O)c1.O=S(=O)(O)c1ccccc1;1;6846;;;;classhERG;SMILES;CN(C)c1ccc(/N=N/c2ccccn2)c(O)c1.O=S(=O)(O)c1ccccc1;<rdkit.Chem.rdchem.Mol object at 0x73486726d640>;CN(C)c1ccc(/N=N/c2ccccn2)c(O)c1.O=S(=O)(O)c1ccccc1;[1]
CN(C)c1ccc(/N=N/c2ccccn2)c(O)c1.O=[N+]([O-])O;1;3314;;;;classhERG;SMILES;CN(C)c1ccc(/N=N/c2ccccn2)c(O)c1.O=[N+]([O-])O;<rdkit.Chem.rdchem.Mol object at 0x7348673380a0>;CN(C)c1ccc(/N=N/c2ccccn2)c(O)c1.O=[N+]([O-])O;[1]
CN1CCC(CNc2ccc3ncc(-c4cccc(OC(F)(F)F)c4)n3n2)CC1.O=S(=O)(O)O;1;4009;;;;classhERG;SMILES;CN1CCC(CNc2ccc3ncc(-c4cccc(OC(F)(F)F)c4)n3n2)CC1.O=S(=O)(O)O;<rdkit.Chem.rdchem.Mol object at 0x7348672db760>;CN1CCC(CNc2ccc3ncc(-c4cccc(OC(F)(F)F)c4)n3n2)CC1.O=S(=O)(O)O;[1]
CN1Cc2ccccc2[C@@H](c2ccccc2)N=C1OCc1ccc(NS(C)(=O)=O)cc1.O=C(O)/C=C/C(=O)O;0;5108;;;;classhERG;SMILES;CN1Cc2ccccc2[C@@H](c2ccccc2)N=C1OCc1ccc(NS(C)(=O)=O)cc1.O=C(O)/C=C/C(=O)O;<rdkit.Chem.rdchem.Mol object at 0x7348672944c0>;CN1Cc2ccccc2[C@@H](c2ccccc2)N=C1OCc1ccc(NS(C)(=O)=O)cc1.O=C(O)/C=C/C(=O)O;[0]
CN1Cc2ccccc2[C@H](c2ccccc2)N=C1OCc1ccc(NS(C)(=O)=O)cc1.O=C(O)/C=C/C(=O)O;0;429;;;;classhERG;SMILES;CN1Cc2ccccc2[C@H](c2ccccc2)N=C1OCc1ccc(NS(C)(=O)=O)cc1.O=C(O)/C=C/C(=O)O;<rdkit.Chem.rdchem.Mol object at 0x7348673a2b20>;CN1Cc2ccccc2[C@H](c2ccccc2)N=C1OCc1ccc(NS(C)(=O)=O)cc1.O=C(O)/C=C/C(=O)O;[0]
COC(=O)Cc1ccc(CNC(=O)[C@@H]2CSCN2C(=O)CC(N)Cc2ccccc2F)cc1.O=C(O)C(F)(F)F;1;7398;;;;classhERG;SMILES;COC(=O)Cc1ccc(CNC(=O)[C@@H]2CSCN2C(=O)CC(N)Cc2ccccc2F)cc1.O=C(O)C(F)(F)F;<rdkit.Chem.rdchem.Mol object at 0x73486720a700>;COC(=O)Cc1ccc(CNC(=O)[C@@H]2CSCN2C(=O)CC(N)Cc2ccccc2F)cc1.O=C(O)C(F)(F)F;[1]
COC(=O)c1ccccc1-c1ccc(CN2CCC(COC(=O)c3c4n(c5ccccc35)CCCO4)CC2)cc1.CS(=O)(=O)O;1;375;;;;classhERG;SMILES;COC(=O)c1ccccc1-c1ccc(CN2CCC(COC(=O)c3c4n(c5ccccc35)CCCO4)CC2)cc1.CS(=O)(=O)O;<rdkit.Chem.rdchem.Mol object at 0x7348673a03a0>;COC(=O)c1ccccc1-c1ccc(CN2CCC(COC(=O)c3c4n(c5ccccc35)CCCO4)CC2)cc1.CS(=O)(=O)O;[1]
COCC(=O)NCCN1CCC[C@@H]1Cn1nc(Cc2ccc(Cl)cc2)c2ccccc2c1=O.O=C(O)C(F)(F)F;1;9597;;;;classhERG;SMILES;COCC(=O)NCCN1CCC[C@@H]1Cn1nc(Cc2ccc(Cl)cc2)c2ccccc2c1=O.O=C(O)C(F)(F)F;<rdkit.Chem.rdchem.Mol object at 0x7348671fcbe0>;COCC(=O)NCCN1CCC[C@@H]1Cn1nc(Cc2ccc(Cl)cc2)c2ccccc2c1=O.O=C(O)C(F)(F)F;[1]
COCC(C)(C)CN1CCC(c2nnc(-c3nn(C(C)C)c4ccccc34)o2)CC1.O=C(O)C(=O)O;1;9446;;;;classhERG;SMILES;COCC(C)(C)CN1CCC(c2nnc(-c3nn(C(C)C)c4ccccc34)o2)CC1.O=C(O)C(=O)O;<rdkit.Chem.rdchem.Mol object at 0x7348671f4b80>;COCC(C)(C)CN1CCC(c2nnc(-c3nn(C(C)C)c4ccccc34)o2)CC1.O=C(O)C(=O)O;[1]
COCCC(=O)NCCN1CCC[C@@H]1Cn1nc(Cc2ccc(Cl)cc2)c2ccccc2c1=O.O=CO;1;9668;;;;classhERG;SMILES;COCCC(=O)NCCN1CCC[C@@H]1Cn1nc(Cc2ccc(Cl)cc2)c2ccccc2c1=O.O=CO;<rdkit.Chem.rdchem.Mol object at 0x734867201ac0>;COCCC(=O)NCCN1CCC[C@@H]1Cn1nc(Cc2ccc(Cl)cc2)c2ccccc2c1=O.O=CO;[1]
COCCCC(=O)N(C)CCN1CCC[C@@H]1Cn1nc(Cc2ccc(Cl)cc2)c2ccccc2c1=O.O=C(O)C(F)(F)F;1;9166;;;;classhERG;SMILES;COCCCC(=O)N(C)CCN1CCC[C@@H]1Cn1nc(Cc2ccc(Cl)cc2)c2ccccc2c1=O.O=C(O)C(F)(F)F;<rdkit.Chem.rdchem.Mol object at 0x7348671e6ee0>;COCCCC(=O)N(C)CCN1CCC[C@@H]1Cn1nc(Cc2ccc(Cl)cc2)c2ccccc2c1=O.O=C(O)C(F)(F)F;[1]
COCCCC(=O)NCCN1CCC[C@@H]1Cn1nc(Cc2ccc(Cl)cc2)c2ccccc2c1=O.O=C(O)C(F)(F)F;1;[9008, 9617];[nan, nan];[nan, nan];[nan, nan];classhERG;SMILES;COCCCC(=O)NCCN1CCC[C@@H]1Cn1nc(Cc2ccc(Cl)cc2)c2ccccc2c1=O.O=C(O)C(F)(F)F;[<rdkit.Chem.rdchem.Mol object at 0x7348671df820>, <rdkit.Chem.rdchem.Mol object at 0x7348671fe640>];COCCCC(=O)NCCN1CCC[C@@H]1Cn1nc(Cc2ccc(Cl)cc2)c2ccccc2c1=O.O=C(O)C(F)(F)F;[1, 1]
COCCCN1CCC(O)(NC(=O)c2nn(C(C)C)c3ccccc23)CC1.O=C(O)C(=O)O;1;9383;;;;classhERG;SMILES;COCCCN1CCC(O)(NC(=O)c2nn(C(C)C)c3ccccc23)CC1.O=C(O)C(=O)O;<rdkit.Chem.rdchem.Mol object at 0x7348671f1fa0>;COCCCN1CCC(O)(NC(=O)c2nn(C(C)C)c3ccccc23)CC1.O=C(O)C(=O)O;[1]
COCCCN1CCC(c2nnc(-c3nn(C(C)C)c4ccccc34)o2)CC1.O=C(O)C(=O)O;1;8784;;;;classhERG;SMILES;COCCCN1CCC(c2nnc(-c3nn(C(C)C)c4ccccc34)o2)CC1.O=C(O)C(=O)O;<rdkit.Chem.rdchem.Mol object at 0x7348671d22e0>;COCCCN1CCC(c2nnc(-c3nn(C(C)C)c4ccccc34)o2)CC1.O=C(O)C(=O)O;[1]
COc1ccc(-c2c(-c3ccc(C#N)c(F)c3)nc(N3CCC(N)CC3)n(C)c2=O)cc1F.O=S(=O)(O)c1ccccc1;1;7535;;;;classhERG;SMILES;COc1ccc(-c2c(-c3ccc(C#N)c(F)c3)nc(N3CCC(N)CC3)n(C)c2=O)cc1F.O=S(=O)(O)c1ccccc1;<rdkit.Chem.rdchem.Mol object at 0x734867211400>;COc1ccc(-c2c(-c3ccc(C#N)c(F)c3)nc(N3CCC(N)CC3)n(C)c2=O)cc1F.O=S(=O)(O)c1ccccc1;[1]
COc1ccc([C@]2(O)CC[C@H](N3CC[C@@H](NC(=O)CNC(=O)c4cccc(C(F)(F)F)c4)C3)CC2)cn1.CS(=O)(=O)O;0;2477;;;;classhERG;SMILES;COc1ccc([C@]2(O)CC[C@H](N3CC[C@@H](NC(=O)CNC(=O)c4cccc(C(F)(F)F)c4)C3)CC2)cn1.CS(=O)(=O)O;<rdkit.Chem.rdchem.Mol object at 0x73486730bbe0>;COc1ccc([C@]2(O)CC[C@H](N3CC[C@@H](NC(=O)CNC(=O)c4cccc(C(F)(F)F)c4)C3)CC2)cn1.CS(=O)(=O)O;[0]
CS(=O)(=O)Nc1ccc2c(c1)nc1n2C[C@H](N)[C@@H](c2cc(F)c(F)cc2F)C1.O=C(O)C(F)(F)F;1;130;;;;classhERG;SMILES;CS(=O)(=O)Nc1ccc2c(c1)nc1n2C[C@H](N)[C@@H](c2cc(F)c(F)cc2F)C1.O=C(O)C(F)(F)F;<rdkit.Chem.rdchem.Mol object at 0x734867392e80>;CS(=O)(=O)Nc1ccc2c(c1)nc1n2C[C@H](N)[C@@H](c2cc(F)c(F)cc2F)C1.O=C(O)C(F)(F)F;[1]
CS(=O)(=O)O.NC[C@H]1CC[C@]2(CC1)OOC1(O2)C2CC3CC(C2)CC1C3;1;942;;;;classhERG;SMILES;CS(=O)(=O)O.NC[C@H]1CC[C@]2(CC1)OOC1(O2)C2CC3CC(C2)CC1C3;<rdkit.Chem.rdchem.Mol object at 0x7348673bbfa0>;CS(=O)(=O)O.NC[C@H]1CC[C@]2(CC1)OOC1(O2)C2CC3CC(C2)CC1C3;[1]
CS(=O)(=O)O.O=C(O)c1ccccc1-c1ccc(CN2CCC(COC(=O)c3c4n(c5ccccc35)CCCO4)CC2)cc1;0;5838;;;;classhERG;SMILES;CS(=O)(=O)O.O=C(O)c1ccccc1-c1ccc(CN2CCC(COC(=O)c3c4n(c5ccccc35)CCCO4)CC2)cc1;<rdkit.Chem.rdchem.Mol object at 0x7348672ba0a0>;CS(=O)(=O)O.O=C(O)c1ccccc1-c1ccc(CN2CCC(COC(=O)c3c4n(c5ccccc35)CCCO4)CC2)cc1;[0]
CS(=O)(=O)c1ccc(-c2noc([C@@H](CC3CC3)[C@H](N)C(=O)N3CC[C@H](F)C3)n2)c(F)c1.O=C(O)C(F)(F)F;0;4953;;;;classhERG;SMILES;CS(=O)(=O)c1ccc(-c2noc([C@@H](CC3CC3)[C@H](N)C(=O)N3CC[C@H](F)C3)n2)c(F)c1.O=C(O)C(F)(F)F;<rdkit.Chem.rdchem.Mol object at 0x73486728cfa0>;CS(=O)(=O)c1ccc(-c2noc([C@@H](CC3CC3)[C@H](N)C(=O)N3CC[C@H](F)C3)n2)c(F)c1.O=C(O)C(F)(F)F;[0]
CS(=O)(=O)c1ccc(-c2noc([C@@H](CC3CC3)[C@H](N)C(F)=C3CCCC3)n2)c(Cl)c1.O=C(O)C(F)(F)F;1;45;;;;classhERG;SMILES;CS(=O)(=O)c1ccc(-c2noc([C@@H](CC3CC3)[C@H](N)C(F)=C3CCCC3)n2)c(Cl)c1.O=C(O)C(F)(F)F;<rdkit.Chem.rdchem.Mol object at 0x73486738f940>;CS(=O)(=O)c1ccc(-c2noc([C@@H](CC3CC3)[C@H](N)C(F)=C3CCCC3)n2)c(Cl)c1.O=C(O)C(F)(F)F;[1]
CS(=O)(=O)c1ccc(-c2noc([C@@H](CCO)[C@H](N)C(F)=C3CCCC3)n2)c(Cl)c1.O=C(O)C(F)(F)F;0;5013;;;;classhERG;SMILES;CS(=O)(=O)c1ccc(-c2noc([C@@H](CCO)[C@H](N)C(F)=C3CCCC3)n2)c(Cl)c1.O=C(O)C(F)(F)F;<rdkit.Chem.rdchem.Mol object at 0x73486728fa60>;CS(=O)(=O)c1ccc(-c2noc([C@@H](CCO)[C@H](N)C(F)=C3CCCC3)n2)c(Cl)c1.O=C(O)C(F)(F)F;[0]
CS(=O)(=O)c1ccc2c(c1)nc1n2C[C@H](N)[C@@H](c2cc(F)c(F)cc2F)C1.O=C(O)C(F)(F)F;0;129;;;;classhERG;SMILES;CS(=O)(=O)c1ccc2c(c1)nc1n2C[C@H](N)[C@@H](c2cc(F)c(F)cc2F)C1.O=C(O)C(F)(F)F;<rdkit.Chem.rdchem.Mol object at 0x734867392e20>;CS(=O)(=O)c1ccc2c(c1)nc1n2C[C@H](N)[C@@H](c2cc(F)c(F)cc2F)C1.O=C(O)C(F)(F)F;[0]
C[C@@H](c1ccc(-c2ccc(F)cc2)cc1)[C@H](N)C(=O)N1CC[C@H](F)C1.O=C(O)C(F)(F)F;1;3385;;;;classhERG;SMILES;C[C@@H](c1ccc(-c2ccc(F)cc2)cc1)[C@H](N)C(=O)N1CC[C@H](F)C1.O=C(O)C(F)(F)F;<rdkit.Chem.rdchem.Mol object at 0x73486733b2e0>;C[C@@H](c1ccc(-c2ccc(F)cc2)cc1)[C@H](N)C(=O)N1CC[C@H](F)C1.O=C(O)C(F)(F)F;[1]
C[C@@H](c1ccc(-c2ccc(O)nc2)cc1)[C@H](N)C(=O)N1CC[C@H](F)C1.O=C(O)C(F)(F)F;1;3158;;;;classhERG;SMILES;C[C@@H](c1ccc(-c2ccc(O)nc2)cc1)[C@H](N)C(=O)N1CC[C@H](F)C1.O=C(O)C(F)(F)F;<rdkit.Chem.rdchem.Mol object at 0x73486732f760>;C[C@@H](c1ccc(-c2ccc(O)nc2)cc1)[C@H](N)C(=O)N1CC[C@H](F)C1.O=C(O)C(F)(F)F;[1]
C[C@@H](c1ccc(-c2cccc(-c3nn[nH]n3)c2)cc1)[C@H](N)C(=O)N1CC[C@H](F)C1.O=C(O)C(F)(F)F;0;6001;;;;classhERG;SMILES;C[C@@H](c1ccc(-c2cccc(-c3nn[nH]n3)c2)cc1)[C@H](N)C(=O)N1CC[C@H](F)C1.O=C(O)C(F)(F)F;<rdkit.Chem.rdchem.Mol object at 0x7348672c1ac0>;C[C@@H](c1ccc(-c2cccc(-c3nn[nH]n3)c2)cc1)[C@H](N)C(=O)N1CC[C@H](F)C1.O=C(O)C(F)(F)F;[0]
C[C@@H](c1ccc(-c2cccc(-c3noc(O)n3)c2)cc1)[C@H](N)C(=O)N1CC[C@H](F)C1.O=C(O)C(F)(F)F;0;6005;;;;classhERG;SMILES;C[C@@H](c1ccc(-c2cccc(-c3noc(O)n3)c2)cc1)[C@H](N)C(=O)N1CC[C@H](F)C1.O=C(O)C(F)(F)F;<rdkit.Chem.rdchem.Mol object at 0x7348672c1d00>;C[C@@H](c1ccc(-c2cccc(-c3noc(O)n3)c2)cc1)[C@H](N)C(=O)N1CC[C@H](F)C1.O=C(O)C(F)(F)F;[0]
C[C@@H]1CCCN1CCCOc1ccc(N2CCN(C(=O)c3cc(F)cc(F)c3)CC2=O)cc1.O=CO;1;2332;;;;classhERG;SMILES;C[C@@H]1CCCN1CCCOc1ccc(N2CCN(C(=O)c3cc(F)cc(F)c3)CC2=O)cc1.O=CO;<rdkit.Chem.rdchem.Mol object at 0x734867384940>;C[C@@H]1CCCN1CCCOc1ccc(N2CCN(C(=O)c3cc(F)cc(F)c3)CC2=O)cc1.O=CO;[1]
C[C@@H]1CCCN1CCCOc1ccc(N2CCN(C(=O)c3ccc(F)cc3)CC2=O)cc1.O=CO;0;3532;;;;classhERG;SMILES;C[C@@H]1CCCN1CCCOc1ccc(N2CCN(C(=O)c3ccc(F)cc3)CC2=O)cc1.O=CO;<rdkit.Chem.rdchem.Mol object at 0x734867343820>;C[C@@H]1CCCN1CCCOc1ccc(N2CCN(C(=O)c3ccc(F)cc3)CC2=O)cc1.O=CO;[0]
C[C@@H]1CCCN1CCCOc1ccc(N2CCN(C(=O)c3ccc(F)cc3F)CC2=O)cc1.O=CO;1;3305;;;;classhERG;SMILES;C[C@@H]1CCCN1CCCOc1ccc(N2CCN(C(=O)c3ccc(F)cc3F)CC2=O)cc1.O=CO;<rdkit.Chem.rdchem.Mol object at 0x734867337ca0>;C[C@@H]1CCCN1CCCOc1ccc(N2CCN(C(=O)c3ccc(F)cc3F)CC2=O)cc1.O=CO;[1]
C[C@H](c1nc(-c2ccc(Cl)cc2Cl)no1)[C@H](N)C(=O)N1CCCC1.O=C(O)C(F)(F)F;0;5117;;;;classhERG;SMILES;C[C@H](c1nc(-c2ccc(Cl)cc2Cl)no1)[C@H](N)C(=O)N1CCCC1.O=C(O)C(F)(F)F;<rdkit.Chem.rdchem.Mol object at 0x734867294a00>;C[C@H](c1nc(-c2ccc(Cl)cc2Cl)no1)[C@H](N)C(=O)N1CCCC1.O=C(O)C(F)(F)F;[0]
C[C@H](c1nc(-c2ccc(S(C)(=O)=O)cc2Cl)no1)[C@H](N)C(=O)N1CCCC1.O=C(O)C(F)(F)F;0;432;;;;classhERG;SMILES;C[C@H](c1nc(-c2ccc(S(C)(=O)=O)cc2Cl)no1)[C@H](N)C(=O)N1CCCC1.O=C(O)C(F)(F)F;<rdkit.Chem.rdchem.Mol object at 0x7348673a2ca0>;C[C@H](c1nc(-c2ccc(S(C)(=O)=O)cc2Cl)no1)[C@H](N)C(=O)N1CCCC1.O=C(O)C(F)(F)F;[0]
C[C@H]1CCCN1CCCOc1ccc(N2CCN(C(=O)c3cc(F)cc(F)c3)CC2=O)cc1.O=CO;0;5510;;;;classhERG;SMILES;C[C@H]1CCCN1CCCOc1ccc(N2CCN(C(=O)c3cc(F)cc(F)c3)CC2=O)cc1.O=CO;<rdkit.Chem.rdchem.Mol object at 0x7348672a9580>;C[C@H]1CCCN1CCCOc1ccc(N2CCN(C(=O)c3cc(F)cc(F)c3)CC2=O)cc1.O=CO;[0]
C[C@H]1CCCN1CCCOc1ccc(N2CCN(C(=O)c3ccc(F)cc3)CC2=O)cc1.O=CO;0;5511;;;;classhERG;SMILES;C[C@H]1CCCN1CCCOc1ccc(N2CCN(C(=O)c3ccc(F)cc3)CC2=O)cc1.O=CO;<rdkit.Chem.rdchem.Mol object at 0x7348672a95e0>;C[C@H]1CCCN1CCCOc1ccc(N2CCN(C(=O)c3ccc(F)cc3)CC2=O)cc1.O=CO;[0]
C[C@H]1CCCN1CCCOc1ccc(N2CCN(C(=O)c3ccc(F)cc3F)CC2=O)cc1.O=CO;0;3304;;;;classhERG;SMILES;C[C@H]1CCCN1CCCOc1ccc(N2CCN(C(=O)c3ccc(F)cc3F)CC2=O)cc1.O=CO;<rdkit.Chem.rdchem.Mol object at 0x734867337c40>;C[C@H]1CCCN1CCCOc1ccc(N2CCN(C(=O)c3ccc(F)cc3F)CC2=O)cc1.O=CO;[0]
C[C@H]1COc2c(N3CCN(C)CC3)c(F)cc3c(=O)c(C(=O)O)cn1c23.C[C@H]1COc2c(N3CCN(C)CC3)c(F)cc3c(=O)c(C(=O)O)cn1c23;0;[3976, 3372, 3729, 3155, 2840, 3258, 157, 318];[nan, nan, nan, nan, nan, nan, nan, nan];[nan, nan, nan, nan, nan, nan, nan, nan];[nan, nan, nan, nan, nan, nan, nan, nan];classhERG;SMILES;C[C@H]1COc2c(N3CCN(C)CC3)c(F)cc3c(=O)c(C(=O)O)cn1c23.C[C@H]1COc2c(N3CCN(C)CC3)c(F)cc3c(=O)c(C(=O)O)cn1c23.O;[<rdkit.Chem.rdchem.Mol object at 0x73486732f640>, <rdkit.Chem.rdchem.Mol object at 0x734867393c40>, <rdkit.Chem.rdchem.Mol object at 0x73486731f0a0>, <rdkit.Chem.rdchem.Mol object at 0x73486733aca0>, <rdkit.Chem.rdchem.Mol object at 0x73486739c940>, <rdkit.Chem.rdchem.Mol object at 0x7348672ce340>, <rdkit.Chem.rdchem.Mol object at 0x7348672d9760>, <rdkit.Chem.rdchem.Mol object at 0x7348673345e0>];C[C@H]1COc2c(N3CCN(C)CC3)c(F)cc3c(=O)c(C(=O)O)cn1c23.C[C@H]1COc2c(N3CCN(C)CC3)c(F)cc3c(=O)c(C(=O)O)cn1c23;[0, 0, 0, 0, 0, 0, 0, 0]
Cc1cc(=O)n2nc(N3CC[C@H](c4cc(F)c(F)cc4F)[C@@H](N)C3)ccc2n1.O=C(O)C(F)(F)F;0;4216;;;;classhERG;SMILES;Cc1cc(=O)n2nc(N3CC[C@H](c4cc(F)c(F)cc4F)[C@@H](N)C3)ccc2n1.O=C(O)C(F)(F)F;<rdkit.Chem.rdchem.Mol object at 0x7348672e65e0>;Cc1cc(=O)n2nc(N3CC[C@H](c4cc(F)c(F)cc4F)[C@@H](N)C3)ccc2n1.O=C(O)C(F)(F)F;[0]
Cc1ccc(Cc2cc[n+](C)c(COc3ccc(C)cc3)c2)cc1.O=S(=O)([O-])C(F)(F)F;1;1393;;;;classhERG;SMILES;Cc1ccc(Cc2cc[n+](C)c(COc3ccc(C)cc3)c2)cc1.O=S(=O)([O-])C(F)(F)F;<rdkit.Chem.rdchem.Mol object at 0x7348673555e0>;Cc1ccc(Cc2cc[n+](C)c(COc3ccc(C)cc3)c2)cc1.O=S(=O)([O-])C(F)(F)F;[1]
Cc1nnc2ccc(N3CC[C@H](c4cc(F)c(F)cc4F)[C@@H](N)C3)nn12.O=C(O)C(F)(F)F;0;3461;;;;classhERG;SMILES;Cc1nnc2ccc(N3CC[C@H](c4cc(F)c(F)cc4F)[C@@H](N)C3)nn12.O=C(O)C(F)(F)F;<rdkit.Chem.rdchem.Mol object at 0x73486733f940>;Cc1nnc2ccc(N3CC[C@H](c4cc(F)c(F)cc4F)[C@@H](N)C3)nn12.O=C(O)C(F)(F)F;[0]
Clc1cccc(CN(CC2CNC2)c2ccccc2)c1Cl.O=C(O)C(F)(F)F;1;6580;;;;classhERG;SMILES;Clc1cccc(CN(CC2CNC2)c2ccccc2)c1Cl.O=C(O)C(F)(F)F;<rdkit.Chem.rdchem.Mol object at 0x73486725fee0>;Clc1cccc(CN(CC2CNC2)c2ccccc2)c1Cl.O=C(O)C(F)(F)F;[1]
N#Cc1ccc(C(=O)N2CCN(c3ccc(OC4CCN(C5CCC5)CC4)cc3)C(=O)C2)cc1.O=CO;1;3473;;;;classhERG;SMILES;N#Cc1ccc(C(=O)N2CCN(c3ccc(OC4CCN(C5CCC5)CC4)cc3)C(=O)C2)cc1.O=CO;<rdkit.Chem.rdchem.Mol object at 0x73486733fe20>;N#Cc1ccc(C(=O)N2CCN(c3ccc(OC4CCN(C5CCC5)CC4)cc3)C(=O)C2)cc1.O=CO;[1]
N#Cc1ccc(C(=O)N2CCN(c3ccc(OCCCN4CCCCCC4)cc3)C(=O)C2)cc1.O=CO;0;3273;;;;classhERG;SMILES;N#Cc1ccc(C(=O)N2CCN(c3ccc(OCCCN4CCCCCC4)cc3)C(=O)C2)cc1.O=CO;<rdkit.Chem.rdchem.Mol object at 0x734867334dc0>;N#Cc1ccc(C(=O)N2CCN(c3ccc(OCCCN4CCCCCC4)cc3)C(=O)C2)cc1.O=CO;[0]
NC(CC(=O)N1CCC[C@H]1C(=O)NCc1ccc(C(=O)O)cc1)Cc1ccc(F)c(F)c1.O=C(O)C(F)(F)F;0;2478;;;;classhERG;SMILES;NC(CC(=O)N1CCC[C@H]1C(=O)NCc1ccc(C(=O)O)cc1)Cc1ccc(F)c(F)c1.O=C(O)C(F)(F)F;<rdkit.Chem.rdchem.Mol object at 0x73486730bc40>;NC(CC(=O)N1CCC[C@H]1C(=O)NCc1ccc(C(=O)O)cc1)Cc1ccc(F)c(F)c1.O=C(O)C(F)(F)F;[0]
NC(CC(=O)N1CCC[C@H]1C(=O)NCc1ccc(C(F)(F)F)cc1)Cc1ccccc1F.O=C(O)C(F)(F)F;1;481;;;;classhERG;SMILES;NC(CC(=O)N1CCC[C@H]1C(=O)NCc1ccc(C(F)(F)F)cc1)Cc1ccccc1F.O=C(O)C(F)(F)F;<rdkit.Chem.rdchem.Mol object at 0x7348673a6400>;NC(CC(=O)N1CCC[C@H]1C(=O)NCc1ccc(C(F)(F)F)cc1)Cc1ccccc1F.O=C(O)C(F)(F)F;[1]
N[C@H]1CN(c2ccc3nc(=O)ccn3n2)CC[C@@H]1c1cc(F)c(F)cc1F.O=C(O)C(F)(F)F;0;2352;;;;classhERG;SMILES;N[C@H]1CN(c2ccc3nc(=O)ccn3n2)CC[C@@H]1c1cc(F)c(F)cc1F.O=C(O)C(F)(F)F;<rdkit.Chem.rdchem.Mol object at 0x734867386220>;N[C@H]1CN(c2ccc3nc(=O)ccn3n2)CC[C@@H]1c1cc(F)c(F)cc1F.O=C(O)C(F)(F)F;[0]
N[C@H]1CN(c2ccc3nc(C(F)(F)F)nn3n2)CC[C@@H]1c1cc(F)c(F)cc1F.O=C(O)C(F)(F)F;1;6927;;;;classhERG;SMILES;N[C@H]1CN(c2ccc3nc(C(F)(F)F)nn3n2)CC[C@@H]1c1cc(F)c(F)cc1F.O=C(O)C(F)(F)F;<rdkit.Chem.rdchem.Mol object at 0x7348672708e0>;N[C@H]1CN(c2ccc3nc(C(F)(F)F)nn3n2)CC[C@@H]1c1cc(F)c(F)cc1F.O=C(O)C(F)(F)F;[1]
N[C@H]1CN(c2ccn3cnnc3n2)CC[C@@H]1c1cc(F)c(F)cc1F.O=C(O)C(F)(F)F;0;6780;;;;classhERG;SMILES;N[C@H]1CN(c2ccn3cnnc3n2)CC[C@@H]1c1cc(F)c(F)cc1F.O=C(O)C(F)(F)F;<rdkit.Chem.rdchem.Mol object at 0x734867269b80>;N[C@H]1CN(c2ccn3cnnc3n2)CC[C@@H]1c1cc(F)c(F)cc1F.O=C(O)C(F)(F)F;[0]
N[C@H]1CN(c2ccncn2)CC[C@@H]1c1cc(F)c(F)cc1F.O=C(O)C(F)(F)F;0;6926;;;;classhERG;SMILES;N[C@H]1CN(c2ccncn2)CC[C@@H]1c1cc(F)c(F)cc1F.O=C(O)C(F)(F)F;<rdkit.Chem.rdchem.Mol object at 0x734867270880>;N[C@H]1CN(c2ccncn2)CC[C@@H]1c1cc(F)c(F)cc1F.O=C(O)C(F)(F)F;[0]
N[C@H]1CN(c2cnc3nccnc3n2)CC[C@@H]1c1cc(F)c(F)cc1F.O=C(O)C(F)(F)F;1;344;;;;classhERG;SMILES;N[C@H]1CN(c2cnc3nccnc3n2)CC[C@@H]1c1cc(F)c(F)cc1F.O=C(O)C(F)(F)F;<rdkit.Chem.rdchem.Mol object at 0x73486739e460>;N[C@H]1CN(c2cnc3nccnc3n2)CC[C@@H]1c1cc(F)c(F)cc1F.O=C(O)C(F)(F)F;[1]
N[C@H]1Cn2c(nc3cc(C(F)(F)F)ccc32)C[C@@H]1c1cc(F)c(F)cc1F.O=C(O)C(F)(F)F;1;457;;;;classhERG;SMILES;N[C@H]1Cn2c(nc3cc(C(F)(F)F)ccc32)C[C@@H]1c1cc(F)c(F)cc1F.O=C(O)C(F)(F)F;<rdkit.Chem.rdchem.Mol object at 0x7348673a4880>;N[C@H]1Cn2c(nc3cc(C(F)(F)F)ccc32)C[C@@H]1c1cc(F)c(F)cc1F.O=C(O)C(F)(F)F;[1]
N[C@H]1Cn2c(nc3ccc(F)cc32)C[C@@H]1c1cc(F)c(F)cc1F.O=C(O)C(F)(F)F;0;3762;;;;classhERG;SMILES;N[C@H]1Cn2c(nc3ccc(F)cc32)C[C@@H]1c1cc(F)c(F)cc1F.O=C(O)C(F)(F)F;<rdkit.Chem.rdchem.Mol object at 0x7348672cf460>;N[C@H]1Cn2c(nc3ccc(F)cc32)C[C@@H]1c1cc(F)c(F)cc1F.O=C(O)C(F)(F)F;[0]
N[C@H]1Cn2c(nc3cnc(C(F)(F)F)cc32)C[C@@H]1c1cc(F)c(F)cc1F.O=C(O)C(F)(F)F.O=C(O)C(F)(F)F;0;3763;;;;classhERG;SMILES;N[C@H]1Cn2c(nc3cnc(C(F)(F)F)cc32)C[C@@H]1c1cc(F)c(F)cc1F.O=C(O)C(F)(F)F.O=C(O)C(F)(F)F;<rdkit.Chem.rdchem.Mol object at 0x7348672cf4c0>;N[C@H]1Cn2c(nc3cnc(C(F)(F)F)cc32)C[C@@H]1c1cc(F)c(F)cc1F.O=C(O)C(F)(F)F.O=C(O)C(F)(F)F;[0]
N[C@H]1Cn2c(nc3cnc(F)cc32)C[C@@H]1c1cc(F)c(F)cc1F.O=C(O)C(F)(F)F.O=C(O)C(F)(F)F;0;3934;;;;classhERG;SMILES;N[C@H]1Cn2c(nc3cnc(F)cc32)C[C@@H]1c1cc(F)c(F)cc1F.O=C(O)C(F)(F)F.O=C(O)C(F)(F)F;<rdkit.Chem.rdchem.Mol object at 0x7348672d8400>;N[C@H]1Cn2c(nc3cnc(F)cc32)C[C@@H]1c1cc(F)c(F)cc1F.O=C(O)C(F)(F)F.O=C(O)C(F)(F)F;[0]
N[C@H]1Cn2c(nc3cnccc32)C[C@@H]1c1cc(F)c(F)cc1F.O=C(O)C(F)(F)F.O=C(O)C(F)(F)F;0;5418;;;;classhERG;SMILES;N[C@H]1Cn2c(nc3cnccc32)C[C@@H]1c1cc(F)c(F)cc1F.O=C(O)C(F)(F)F.O=C(O)C(F)(F)F;<rdkit.Chem.rdchem.Mol object at 0x7348672a39a0>;N[C@H]1Cn2c(nc3cnccc32)C[C@@H]1c1cc(F)c(F)cc1F.O=C(O)C(F)(F)F.O=C(O)C(F)(F)F;[0]
N[C@H]1Cn2c(nc3ncccc32)C[C@@H]1c1cc(F)c(F)cc1F.O=C(O)C(F)(F)F.O=C(O)C(F)(F)F;0;5095;;;;classhERG;SMILES;N[C@H]1Cn2c(nc3ncccc32)C[C@@H]1c1cc(F)c(F)cc1F.O=C(O)C(F)(F)F.O=C(O)C(F)(F)F;<rdkit.Chem.rdchem.Mol object at 0x734867293e20>;N[C@H]1Cn2c(nc3ncccc32)C[C@@H]1c1cc(F)c(F)cc1F.O=C(O)C(F)(F)F.O=C(O)C(F)(F)F;[0]
O=C(NCCN1CCC[C@@H]1Cn1nc(Cc2ccc(Cl)cc2)c2ccccc2c1=O)C1CCCC1.O=C(O)C(F)(F)F;1;6718;;;;classhERG;SMILES;O=C(NCCN1CCC[C@@H]1Cn1nc(Cc2ccc(Cl)cc2)c2ccccc2c1=O)C1CCCC1.O=C(O)C(F)(F)F;<rdkit.Chem.rdchem.Mol object at 0x734867266d00>;O=C(NCCN1CCC[C@@H]1Cn1nc(Cc2ccc(Cl)cc2)c2ccccc2c1=O)C1CCCC1.O=C(O)C(F)(F)F;[1]
O=C(NCCN1CCC[C@@H]1Cn1nc(Cc2ccc(Cl)cc2)c2ccccc2c1=O)C1CCOCC1.O=C(O)C(F)(F)F;1;9546;;;;classhERG;SMILES;O=C(NCCN1CCC[C@@H]1Cn1nc(Cc2ccc(Cl)cc2)c2ccccc2c1=O)C1CCOCC1.O=C(O)C(F)(F)F;<rdkit.Chem.rdchem.Mol object at 0x7348671fb580>;O=C(NCCN1CCC[C@@H]1Cn1nc(Cc2ccc(Cl)cc2)c2ccccc2c1=O)C1CCOCC1.O=C(O)C(F)(F)F;[1]
O=C(O)C(=O)O.c1ccc(-c2ccc(OCCCCCN3CCCCC3)cc2)cc1;1;1411;;;;classhERG;SMILES;O=C(O)C(=O)O.c1ccc(-c2ccc(OCCCCCN3CCCCC3)cc2)cc1;<rdkit.Chem.rdchem.Mol object at 0x734867355fa0>;O=C(O)C(=O)O.c1ccc(-c2ccc(OCCCCCN3CCCCC3)cc2)cc1;[1]
O=C(O)C(=O)O.c1ccc(-c2ccc(OCCCCCN3CCCCCC3)cc2)cc1;1;7717;;;;classhERG;SMILES;O=C(O)C(=O)O.c1ccc(-c2ccc(OCCCCCN3CCCCCC3)cc2)cc1;<rdkit.Chem.rdchem.Mol object at 0x73486721a640>;O=C(O)C(=O)O.c1ccc(-c2ccc(OCCCCCN3CCCCCC3)cc2)cc1;[1]
O=C(c1cc(F)cc(F)c1)N1CCN(c2ccc(OC3CCN(C4CCCC4)CC3)cc2)C(=O)C1.O=CO;1;3472;;;;classhERG;SMILES;O=C(c1cc(F)cc(F)c1)N1CCN(c2ccc(OC3CCN(C4CCCC4)CC3)cc2)C(=O)C1.O=CO;<rdkit.Chem.rdchem.Mol object at 0x73486733fdc0>;O=C(c1cc(F)cc(F)c1)N1CCN(c2ccc(OC3CCN(C4CCCC4)CC3)cc2)C(=O)C1.O=CO;[1]
O=C(c1cc(F)cc(F)c1)N1CCN(c2ccc(OCCCN3CCCCC3)cc2)C(=O)C1.O=CO;0;3274;;;;classhERG;SMILES;O=C(c1cc(F)cc(F)c1)N1CCN(c2ccc(OCCCN3CCCCC3)cc2)C(=O)C1.O=CO;<rdkit.Chem.rdchem.Mol object at 0x734867334e20>;O=C(c1cc(F)cc(F)c1)N1CCN(c2ccc(OCCCN3CCCCC3)cc2)C(=O)C1.O=CO;[0]
O=C(c1cc(F)cc(F)c1)N1CCN(c2ccc(OCCCN3CCCCCC3)cc2)C(=O)C1.O=CO;0;3306;;;;classhERG;SMILES;O=C(c1cc(F)cc(F)c1)N1CCN(c2ccc(OCCCN3CCCCCC3)cc2)C(=O)C1.O=CO;<rdkit.Chem.rdchem.Mol object at 0x734867337d00>;O=C(c1cc(F)cc(F)c1)N1CCN(c2ccc(OCCCN3CCCCCC3)cc2)C(=O)C1.O=CO;[0]
O=C(c1ccc(Cl)cc1)N1CCN(c2ccc(OC3CCN(C4CCCC4)CC3)cc2)C(=O)C1.O=CO;1;122;;;;classhERG;SMILES;O=C(c1ccc(Cl)cc1)N1CCN(c2ccc(OC3CCN(C4CCCC4)CC3)cc2)C(=O)C1.O=CO;<rdkit.Chem.rdchem.Mol object at 0x734867392b20>;O=C(c1ccc(Cl)cc1)N1CCN(c2ccc(OC3CCN(C4CCCC4)CC3)cc2)C(=O)C1.O=CO;[1]
O=C(c1ccc(F)cc1)N1CCN(c2ccc(OC3CCN(C4CCCC4)CC3)cc2)C(=O)C1.O=CO;0;681;;;;classhERG;SMILES;O=C(c1ccc(F)cc1)N1CCN(c2ccc(OC3CCN(C4CCCC4)CC3)cc2)C(=O)C1.O=CO;<rdkit.Chem.rdchem.Mol object at 0x7348673af520>;O=C(c1ccc(F)cc1)N1CCN(c2ccc(OC3CCN(C4CCCC4)CC3)cc2)C(=O)C1.O=CO;[0]
O=C(c1ccc(F)cc1)N1CCN(c2ccc(OCCCN3CCCC3)cc2)C(=O)C1.O=CO;1;418;;;;classhERG;SMILES;O=C(c1ccc(F)cc1)N1CCN(c2ccc(OCCCN3CCCC3)cc2)C(=O)C1.O=CO;<rdkit.Chem.rdchem.Mol object at 0x7348673a26a0>;O=C(c1ccc(F)cc1)N1CCN(c2ccc(OCCCN3CCCC3)cc2)C(=O)C1.O=CO;[1]
O=C(c1ccc(F)cc1)N1CCN(c2ccc(OCCCN3CCCCC3)cc2)C(=O)C1.O=CO;0;3474;;;;classhERG;SMILES;O=C(c1ccc(F)cc1)N1CCN(c2ccc(OCCCN3CCCCC3)cc2)C(=O)C1.O=CO;<rdkit.Chem.rdchem.Mol object at 0x73486733fe80>;O=C(c1ccc(F)cc1)N1CCN(c2ccc(OCCCN3CCCCC3)cc2)C(=O)C1.O=CO;[0]
O=C(c1ccc(F)cc1)N1CCN(c2ccc(OCCCN3CCCCCC3)cc2)C(=O)C1.O=CO;0;2629;;;;classhERG;SMILES;O=C(c1ccc(F)cc1)N1CCN(c2ccc(OCCCN3CCCCCC3)cc2)C(=O)C1.O=CO;<rdkit.Chem.rdchem.Mol object at 0x7348673140a0>;O=C(c1ccc(F)cc1)N1CCN(c2ccc(OCCCN3CCCCCC3)cc2)C(=O)C1.O=CO;[0]
O=C(c1ccc(F)cc1F)N1CCN(c2ccc(OC3CCN(C4CCCC4)CC3)cc2)C(=O)C1.O=CO;0;121;;;;classhERG;SMILES;O=C(c1ccc(F)cc1F)N1CCN(c2ccc(OC3CCN(C4CCCC4)CC3)cc2)C(=O)C1.O=CO;<rdkit.Chem.rdchem.Mol object at 0x734867392ac0>;O=C(c1ccc(F)cc1F)N1CCN(c2ccc(OC3CCN(C4CCCC4)CC3)cc2)C(=O)C1.O=CO;[0]
O=C(c1ccc(F)cc1F)N1CCN(c2ccc(OCCCN3CCCCCC3)cc2)C(=O)C1.O=CO;0;123;;;;classhERG;SMILES;O=C(c1ccc(F)cc1F)N1CCN(c2ccc(OCCCN3CCCCCC3)cc2)C(=O)C1.O=CO;<rdkit.Chem.rdchem.Mol object at 0x734867392b80>;O=C(c1ccc(F)cc1F)N1CCN(c2ccc(OCCCN3CCCCCC3)cc2)C(=O)C1.O=CO;[0]
