Molecule,Canonical SMILES,Formula,MW,#Heavy atoms,#Aromatic heavy atoms,Fraction Csp3,#Rotatable bonds,#H-bond acceptors,#H-bond donors,MR,TPSA,iLOGP,XLOGP3,WLOGP,MLOGP,Silicos-IT Log P,Consensus Log P,ESOL Log S,ESOL Solubility (mg/ml),ESOL Solubility (mol/l),ESOL Class,Ali Log S,Ali Solubility (mg/ml),Ali Solubility (mol/l),Ali Class,Silicos-IT LogSw,Silicos-IT Solubility (mg/ml),Silicos-IT Solubility (mol/l),Silicos-IT class,GI absorption,BBB permeant,Pgp substrate,CYP1A2 inhibitor,CYP2C19 inhibitor,CYP2C9 inhibitor,CYP2D6 inhibitor,CYP3A4 inhibitor,log Kp (cm/s),Lipinski #violations,Ghose #violations,Veber #violations,Egan #violations,Muegge #violations,Bioavailability Score,PAINS #alerts,Brenk #alerts,Leadlikeness #violations,Synthetic Accessibility
3400,CCCC(n1cnc2c1ncnc2N)CO,C10H15N5O,221.26,16,9,0.50,4,4,2,61.38,89.85,1.71,0.66,0.75,-0.36,0.21,0.59,-1.78,3.67e+00,1.66e-02,Very soluble,-2.12,1.67e+00,7.53e-03,Soluble,-2.06,1.91e+00,8.61e-03,Soluble,High,No,No,No,No,No,No,No,-7.18,0,0,0,0,0,0.55,0,0,1,2.67
3401,CCCC(=O)N,C4H9NO,87.12,6,0,0.75,2,1,1,24.25,43.09,1.06,-0.21,0.27,0.08,-0.11,0.22,-0.12,6.67e+01,7.66e-01,Very soluble,-0.24,5.03e+01,5.78e-01,Very soluble,-0.56,2.38e+01,2.74e-01,Soluble,High,No,No,No,No,No,No,No,-6.98,0,3,0,0,2,0.55,0,0,1,1.00
3402,CCCC(C(=O)O)N,C5H11NO2,117.15,8,0,0.80,3,3,2,30.63,63.32,0.92,-2.11,0.20,-2.20,-0.37,-0.71,0.96,1.07e+03,9.14e+00,Highly soluble,1.31,2.38e+03,2.04e+01,Highly soluble,-0.09,9.59e+01,8.18e-01,Soluble,High,No,No,No,No,No,No,No,-8.51,0,3,0,0,2,0.55,0,0,1,1.30
3403,CCCC(Cc1ccccc1)N,C11H17N,163.26,12,6,0.45,4,1,1,53.34,26.02,2.47,2.79,2.36,2.78,2.64,2.61,-2.72,3.14e-01,1.92e-03,Soluble,-2.99,1.66e-01,1.02e-03,Soluble,-3.68,3.43e-02,2.10e-04,Soluble,High,Yes,No,No,No,No,Yes,No,-5.31,0,0,0,0,2,0.55,0,0,1,1.60
3404,CCCC(C(=O)OC)NC(=O)C,C8H15NO3,173.21,12,0,0.75,6,3,1,44.86,55.40,1.97,0.33,0.46,0.53,0.68,0.80,-0.73,3.26e+01,1.88e-01,Very soluble,-1.06,1.52e+01,8.77e-02,Very soluble,-1.58,4.50e+00,2.60e-02,Soluble,High,No,No,No,No,No,No,No,-7.12,0,0,0,0,1,0.55,0,0,1,1.94
3405,CCCC(C(=O)N)NC(=O)C,C7H14N2O2,158.20,11,0,0.71,5,2,2,41.67,72.19,1.12,-0.45,-0.22,-0.21,-0.11,0.03,-0.21,9.81e+01,6.20e-01,Very soluble,-0.60,3.97e+01,2.51e-01,Very soluble,-1.09,1.29e+01,8.13e-02,Soluble,High,No,No,No,No,No,No,No,-7.58,0,1,0,0,1,0.55,0,0,1,1.61
3406,CCCC(c1cccnc1)NC,C10H16N2,164.25,12,6,0.50,4,2,1,51.23,24.92,2.16,0.91,1.82,1.17,2.17,1.65,-1.54,4.76e+00,2.90e-02,Very soluble,-1.02,1.57e+01,9.58e-02,Very soluble,-3.70,3.28e-02,2.00e-04,Soluble,High,Yes,No,No,No,No,No,No,-6.66,0,0,0,0,1,0.55,0,0,1,2.10
3407,CCCC(C(=O)O)O,C5H10O3,118.13,8,0,0.80,3,3,2,29.08,57.53,1.11,0.45,0.23,0.01,-0.13,0.33,-0.66,2.60e+01,2.20e-01,Very soluble,-1.23,7.02e+00,5.94e-02,Very soluble,0.13,1.59e+02,1.34e+00,Soluble,High,No,No,No,No,No,No,No,-6.70,0,3,0,0,1,0.85,0,0,1,1.54
3408,CCCC(C(c1ccc(cc1)c1ccccc1)C(=O)O)O,C18H20O3,284.35,21,12,0.28,6,3,2,83.81,57.53,2.42,3.75,3.68,3.25,3.81,3.38,-3.99,2.89e-02,1.02e-04,Soluble,-4.65,6.36e-03,2.24e-05,Moderately soluble,-5.00,2.83e-03,9.95e-06,Moderately soluble,High,Yes,Yes,No,No,No,Yes,No,-5.37,0,0,0,0,0,0.85,0,0,1,3.00
3409,CCCC(CC)O,C6H14O,102.17,7,0,1.00,3,1,1,32.12,20.23,2.14,1.65,1.56,1.53,1.11,1.60,-1.31,4.95e+00,4.84e-02,Very soluble,-1.69,2.09e+00,2.05e-02,Very soluble,-1.27,5.53e+00,5.41e-02,Soluble,High,Yes,No,No,No,No,No,No,-5.75,0,2,0,0,2,0.55,0,0,1,1.25
3410,CCCC(CCC)O,C7H16O,116.20,8,0,1.00,4,1,1,36.92,20.23,2.31,2.22,1.95,1.89,1.54,1.98,-1.70,2.35e+00,2.02e-02,Very soluble,-2.28,6.10e-01,5.25e-03,Soluble,-1.69,2.36e+00,2.03e-02,Soluble,High,Yes,No,No,No,No,No,No,-5.43,0,2,0,0,2,0.55,0,0,1,1.14
3411,CCCC(C1CCCC1)OC[n+]1ccn(c1/C=N/O)C,C15H26N3O2+,280.39,20,5,0.73,7,3,1,80.90,50.63,-0.16,3.23,2.30,1.55,2.03,1.79,-3.34,1.29e-01,4.61e-04,Soluble,-3.97,3.03e-02,1.08e-04,Soluble,-2.04,2.56e+00,9.14e-03,Soluble,High,Yes,No,No,No,No,No,No,-5.72,0,0,0,0,0,0.55,0,4,0,3.87
3412,CCCC/C(=C/C(=O)NC(CC)C)/c1ccccc1,C17H25NO,259.39,19,6,0.47,8,1,1,82.80,29.10,3.16,4.07,4.17,3.65,4.29,3.87,-3.72,4.97e-02,1.91e-04,Soluble,-4.39,1.07e-02,4.11e-05,Moderately soluble,-5.32,1.24e-03,4.79e-06,Moderately soluble,High,Yes,No,No,Yes,No,Yes,Yes,-4.99,0,0,0,0,0,0.55,0,1,2,3.12
3413,CCCC/C(=N\N/C(=N/c1ccccc1)/N)/C,C13H20N4,232.32,17,6,0.38,6,2,2,73.69,62.77,1.39,2.05,2.79,2.80,2.54,2.31,-2.44,8.49e-01,3.66e-03,Soluble,-3.00,2.34e-01,1.01e-03,Soluble,-4.27,1.24e-02,5.33e-05,Moderately soluble,High,Yes,No,No,No,No,No,No,-6.26,0,0,0,0,0,0.55,0,2,1,3.37
3414,CCCC/C=C/c1ccc(c(c1)O)O,C12H16O2,192.25,14,6,0.33,4,2,2,59.81,40.46,2.50,3.82,3.19,2.58,2.90,3.00,-3.49,6.20e-02,3.22e-04,Soluble,-4.36,8.30e-03,4.32e-05,Moderately soluble,-2.94,2.20e-01,1.14e-03,Soluble,High,Yes,No,Yes,No,No,Yes,No,-4.76,0,0,0,0,1,0.55,1,1,2,2.21
3415,CCCC1(CC)C(=O)NC(=O)N(C1=O)C,C10H16N2O3,212.25,15,0,0.70,3,3,1,62.33,66.48,1.86,1.65,0.13,0.64,1.06,1.07,-2.00,2.14e+00,1.01e-02,Very soluble,-2.66,4.65e-01,2.19e-03,Soluble,-2.42,8.14e-01,3.84e-03,Soluble,High,No,No,No,No,No,No,No,-6.42,0,0,0,0,0,0.55,0,1,1,2.41
3416,CCCC1(CC)C(=O)NC(=O)NC1=O,C9H14N2O3,198.22,14,0,0.67,3,3,2,57.43,75.27,1.44,0.66,-0.21,0.34,1.14,0.67,-1.29,1.02e+01,5.17e-02,Very soluble,-1.82,3.02e+00,1.52e-02,Very soluble,-2.74,3.60e-01,1.82e-03,Soluble,High,No,No,No,No,No,No,No,-7.04,0,0,0,0,1,0.55,0,1,1,1.85
3417,CCCC1(CCC)C(=O)NC(=O)NC1=O,C10H16N2O3,212.25,15,0,0.70,4,3,2,62.23,75.27,1.38,1.75,0.18,0.64,1.50,1.09,-1.99,2.15e+00,1.01e-02,Very soluble,-2.95,2.39e-01,1.13e-03,Soluble,-3.15,1.51e-01,7.11e-04,Soluble,High,No,No,No,No,No,No,No,-6.35,0,0,0,0,0,0.55,0,1,1,1.99
3418,CCCC1(CCC)C(=O)NC(=S)NC1=O,C10H16N2O2S,228.31,15,0,0.70,4,2,2,69.43,90.29,1.72,2.66,0.34,0.66,2.96,1.67,-2.67,4.91e-01,2.15e-03,Soluble,-4.21,1.42e-02,6.20e-05,Moderately soluble,-3.35,1.02e-01,4.45e-04,Soluble,High,No,No,Yes,Yes,No,No,No,-5.80,0,0,0,0,0,0.55,0,2,1,2.24
3419,CCCC1(CCC(=O)NC1=O)c1ccncc1,C13H16N2O2,232.28,17,6,0.46,3,3,1,67.74,59.06,1.48,1.13,1.18,1.33,2.67,1.56,-2.06,2.05e+00,8.81e-03,Soluble,-1.96,2.52e+00,1.09e-02,Very soluble,-4.43,8.53e-03,3.67e-05,Moderately soluble,High,Yes,No,No,No,No,No,No,-6.91,0,0,0,0,0,0.55,0,1,1,2.29
3420,CCCC12CC3CC(C1)CC(C2)(C3)N,C13H23N,193.33,14,0,1.00,2,1,1,60.75,26.02,2.71,3.76,3.08,3.29,3.00,3.17,-3.28,1.03e-01,5.30e-04,Soluble,-4.00,1.94e-02,1.00e-04,Soluble,-3.01,1.91e-01,9.86e-04,Soluble,High,Yes,No,No,No,No,No,No,-4.81,0,0,0,0,2,0.55,0,0,2,3.80
3421,CCCC1=Nc2cc(Cl)c(cc2S(=O)(=O)N1)S(=O)(=O)N,C10H12ClN3O4S2,337.80,20,6,0.30,3,6,2,82.29,135.45,1.26,1.21,2.51,0.38,0.77,1.23,-2.72,6.43e-01,1.90e-03,Soluble,-3.65,7.54e-02,2.23e-04,Soluble,-4.03,3.17e-02,9.38e-05,Moderately soluble,High,No,No,No,No,No,No,No,-7.50,0,0,0,1,0,0.55,0,0,0,3.42
3422,CCCC1=Nc2cc(Cl)ccc2S(=O)(=O)N1,C10H11ClN2O2S,258.72,16,6,0.30,2,3,1,71.30,66.91,1.92,2.04,2.78,1.90,2.58,2.24,-2.87,3.45e-01,1.33e-03,Soluble,-3.07,2.19e-01,8.45e-04,Soluble,-4.50,8.26e-03,3.19e-05,Moderately soluble,High,Yes,No,Yes,No,No,No,No,-6.43,0,0,0,0,0,0.55,0,0,0,3.21
3423,CCCC1C(Cc2c(N(C1=O)CCN(C)C)cccc2C(F)(F)F)c1ccc(cc1)OC,C25H31F3N2O2,448.52,32,12,0.48,8,6,0,123.97,32.78,4.36,5.36,6.14,4.25,5.32,5.09,-5.75,8.03e-04,1.79e-06,Moderately soluble,-5.80,7.08e-04,1.58e-06,Moderately soluble,-7.79,7.19e-06,1.60e-08,Poorly soluble,High,No,No,No,No,No,Yes,Yes,-5.23,1,1,0,1,1,0.55,0,0,3,4.22
3424,CCCC1C(Cc2c(N(C1=O)CCN(C)C)cccc2)c1ccc(cc1)OC,C24H32N2O2,380.52,28,12,0.46,7,3,0,118.97,32.78,4.30,4.48,3.97,3.47,4.22,4.09,-4.88,5.05e-03,1.33e-05,Moderately soluble,-4.89,4.92e-03,1.29e-05,Moderately soluble,-6.97,4.08e-05,1.07e-07,Poorly soluble,High,Yes,No,No,No,No,Yes,Yes,-5.44,0,0,0,0,0,0.55,0,0,2,3.87
3425,CCCC1CN(C(C1)C(=O)NC(C1OC(SC)C(C(C1O)O)O)C(Cl)C)C,C18H33ClN2O5S,424.98,27,0,0.94,8,6,4,111.18,127.56,2.59,2.16,0.01,-0.06,0.65,1.07,-3.31,2.09e-01,4.92e-04,Soluble,-4.47,1.44e-02,3.38e-05,Moderately soluble,-1.20,2.69e+01,6.34e-02,Soluble,High,No,Yes,No,No,No,No,No,-7.36,0,0,0,0,0,0.55,0,1,2,5.58
3426,CCCC1CN(C(C1)C(=O)NC(C1OC(SC)C(C(C1O)O)O)C(Cl)C)CC,C19H35ClN2O5S,439.01,28,0,0.95,9,6,4,115.99,127.56,2.40,2.51,0.40,0.16,1.05,1.30,-3.55,1.24e-01,2.82e-04,Soluble,-4.83,6.43e-03,1.46e-05,Moderately soluble,-1.59,1.13e+01,2.58e-02,Soluble,High,No,Yes,No,No,No,No,No,-7.20,0,0,0,0,0,0.55,0,1,2,5.70
3427,CCCC1CN(C(C1)C(=O)NC(C1OC(SC)C(C(C1O)O)O)C(O)C)C,C18H34N2O6S,406.54,27,0,0.94,8,7,5,107.55,147.79,2.00,0.20,-1.24,-1.08,-0.47,-0.12,-1.96,4.47e+00,1.10e-02,Very soluble,-2.86,5.58e-01,1.37e-03,Soluble,-0.02,3.85e+02,9.46e-01,Soluble,Low,No,Yes,No,No,No,No,No,-8.64,0,1,1,1,0,0.55,0,0,2,5.54
3428,CCCC1CN(C(C1)C(=O)NC(C1OC(SC)C(C(C1O)O)O)C(O)C)CC,C19H36N2O6S,420.56,28,0,0.95,9,7,5,112.35,147.79,2.20,1.02,-0.85,-0.85,-0.07,0.29,-2.50,1.34e+00,3.19e-03,Soluble,-3.71,8.14e-02,1.94e-04,Soluble,-0.42,1.61e+02,3.84e-01,Soluble,Low,No,Yes,No,No,No,No,No,-8.14,0,1,1,1,0,0.55,0,0,2,5.66
3429,CCCC1CC(N(C1)CC)C(=O)NC(C1OC(SCC)C(C(C1O)O)O)C(O)C,C20H38N2O6S,434.59,29,0,0.95,10,7,5,117.16,147.79,2.92,1.91,-0.46,-0.62,0.34,0.82,-3.08,3.63e-01,8.36e-04,Soluble,-4.64,1.00e-02,2.31e-05,Moderately soluble,-0.81,6.76e+01,1.56e-01,Soluble,Low,No,Yes,No,No,No,No,No,-7.59,0,1,1,1,0,0.55,0,0,2,5.85
3430,CCCC1CCCc2n1c(=O)c(cn2)C(=O)OC,C13H18N2O3,250.29,18,6,0.62,4,4,0,67.93,61.19,2.81,1.14,1.71,1.58,1.99,1.85,-2.09,2.02e+00,8.08e-03,Soluble,-2.02,2.39e+00,9.57e-03,Soluble,-2.89,3.22e-01,1.29e-03,Soluble,High,Yes,No,No,No,No,No,No,-7.02,0,0,0,0,0,0.55,0,0,0,3.15
3431,CCCC1CNC(C1)C(=O)NC(C1OC(SC)C(C(C1O)O)O)C(O)C,C17H32N2O6S,392.51,26,0,0.94,8,7,6,102.65,156.58,0.95,0.04,-1.58,-1.32,-0.43,-0.47,-1.77,6.65e+00,1.70e-02,Very soluble,-2.88,5.16e-01,1.32e-03,Soluble,-0.36,1.70e+02,4.33e-01,Soluble,Low,No,Yes,No,No,No,No,No,-8.67,1,1,1,1,2,0.55,0,0,2,5.42
3432,CCCC1COC(O1)(Cn1cncn1)c1ccc(cc1Cl)Cl,C15H17Cl2N3O2,342.22,22,11,0.47,5,4,0,84.57,49.17,3.17,3.50,3.55,3.08,3.50,3.36,-4.21,2.13e-02,6.21e-05,Moderately soluble,-4.22,2.08e-02,6.09e-05,Moderately soluble,-5.42,1.29e-03,3.78e-06,Moderately soluble,High,Yes,No,No,Yes,Yes,No,No,-5.90,0,0,0,0,0,0.55,0,0,0,3.73
3433,CCCC1OCS/C/1=N/OC(=O)NC,C8H14N2O3S,218.27,14,0,0.75,5,4,1,55.29,85.22,2.12,1.52,1.55,0.12,1.22,1.31,-1.82,3.30e+00,1.51e-02,Very soluble,-2.92,2.64e-01,1.21e-03,Soluble,-1.70,4.39e+00,2.01e-02,Soluble,High,No,No,No,No,No,No,No,-6.55,0,0,0,0,0,0.55,0,3,1,3.79
3434,CCCC=O,C4H8O,72.11,5,0,0.75,2,1,0,21.54,17.07,1.30,0.88,0.99,0.60,0.74,0.90,-0.71,1.41e+01,1.95e-01,Very soluble,-0.82,1.08e+01,1.50e-01,Very soluble,-0.89,9.37e+00,1.30e-01,Soluble,High,Yes,No,No,No,No,No,No,-6.12,0,3,0,0,3,0.55,0,1,1,1.00
3435,CCCCBr,C4H9Br,137.02,5,0,1.00,2,0,0,29.21,0.00,2.12,2.75,2.18,2.42,1.59,2.21,-2.29,7.03e-01,5.13e-03,Soluble,-2.40,5.39e-01,3.94e-03,Soluble,-2.30,6.82e-01,4.98e-03,Soluble,Low,No,No,No,No,No,No,No,-5.18,0,3,0,0,3,0.55,0,1,1,2.64
3436,CCCCC,C5H12,72.15,5,0,1.00,2,0,0,26.15,0.00,2.18,3.39,2.20,3.14,1.34,2.45,-2.29,3.69e-01,5.12e-03,Soluble,-3.07,6.15e-02,8.53e-04,Soluble,-1.73,1.35e+00,1.87e-02,Soluble,Low,No,No,No,No,No,No,No,-4.33,0,3,0,0,2,0.55,0,0,1,1.00
3437,CCCCC#N,C5H9N,83.13,6,0,0.80,2,1,0,25.90,23.79,1.62,1.12,1.70,1.01,0.98,1.29,-0.93,9.79e+00,1.18e-01,Very soluble,-1.21,5.09e+00,6.12e-02,Very soluble,-1.46,2.92e+00,3.51e-02,Soluble,High,Yes,No,No,No,No,No,No,-6.01,0,3,0,0,2,0.55,0,0,1,1.20
3438,CCCCC(=O)C(n1ncnc1)CCCCOc1c(C)cc(cc1[N+](=O)[O-])C,C20H28N4O4,388.46,28,11,0.55,12,6,0,109.51,102.83,3.42,4.56,4.35,1.83,2.47,3.33,-4.62,9.32e-03,2.40e-05,Moderately soluble,-6.44,1.40e-04,3.61e-07,Poorly soluble,-5.60,9.78e-04,2.52e-06,Moderately soluble,High,No,No,Yes,Yes,Yes,No,Yes,-5.43,0,0,1,0,0,0.55,0,2,3,3.70
3439,CCCCC(=O)C(n1cncn1)CCCCOc1cccc(c1)F,C18H24FN3O2,333.40,24,11,0.50,11,5,0,90.72,57.01,3.67,4.10,4.39,2.68,3.94,3.76,-4.10,2.63e-02,7.88e-05,Moderately soluble,-5.00,3.31e-03,9.93e-06,Moderately soluble,-5.76,5.75e-04,1.73e-06,Moderately soluble,High,Yes,No,Yes,Yes,Yes,Yes,Yes,-5.42,0,0,1,0,0,0.55,0,0,2,3.13
3440,CCCCC(=O)CC(=O)CCCC,C11H20O2,184.28,13,0,0.82,8,2,0,55.39,34.14,2.59,3.56,2.90,1.95,3.22,2.84,-2.70,3.70e-01,2.01e-03,Soluble,-3.96,2.01e-02,1.09e-04,Soluble,-3.39,7.58e-02,4.11e-04,Soluble,High,Yes,No,Yes,No,No,No,No,-4.90,0,0,0,0,1,0.55,0,1,3,1.66
3441,CCCCC(=O)CCCC,C9H18O,142.24,10,0,0.89,6,1,0,45.58,17.07,2.58,2.88,2.94,2.39,2.73,2.70,-2.14,1.03e+00,7.24e-03,Soluble,-2.90,1.80e-01,1.26e-03,Soluble,-3.01,1.40e-01,9.86e-04,Soluble,High,Yes,No,No,No,No,No,No,-5.12,0,1,0,0,2,0.55,0,0,1,1.38
3442,CCCCC(=O)N(c1ccc(cc1)S(=O)(=O)N(C)C)C,C14H22N2O3S,298.40,20,6,0.50,7,4,0,80.87,66.07,2.64,1.63,3.17,1.61,0.98,2.01,-2.48,9.95e-01,3.33e-03,Soluble,-2.63,6.99e-01,2.34e-03,Soluble,-3.70,6.00e-02,2.01e-04,Soluble,High,Yes,No,No,Yes,No,No,No,-6.96,0,0,0,0,0,0.55,0,0,0,2.18
3443,CCCCC(=O)NCCCCCN(C(=O)CCC(=O)NCCCCCN(C(=O)CCC(=O)NCCCCCN(C(=O)C)O)O)O,C30H56N6O9,644.80,45,0,0.80,33,9,6,166.81,208.92,4.51,-0.49,2.27,0.54,2.37,1.84,-1.35,2.87e+01,4.46e-02,Very soluble,-3.43,2.40e-01,3.71e-04,Soluble,-5.33,3.02e-03,4.69e-06,Moderately soluble,Low,No,Yes,No,No,No,No,No,-10.58,3,3,2,1,4,0.17,0,2,2,4.70
3444,CCCCC(=O)NN,C5H12N2O,116.16,8,0,0.80,4,2,2,31.86,55.12,1.33,-0.11,0.17,0.42,-0.37,0.29,-0.23,6.89e+01,5.93e-01,Very soluble,-0.59,2.95e+01,2.54e-01,Very soluble,-1.07,9.91e+00,8.53e-02,Soluble,High,No,No,No,No,No,No,No,-7.09,0,2,0,0,1,0.55,0,2,1,1.18
3445,CCCCC(=O)Nc1ccc(c(c1)Cl)Cl,C11H13Cl2NO,246.13,15,6,0.36,5,1,1,65.20,29.10,2.68,4.17,3.93,3.53,3.74,3.61,-3.96,2.70e-02,1.10e-04,Soluble,-4.49,7.97e-03,3.24e-05,Moderately soluble,-5.24,1.43e-03,5.79e-06,Moderately soluble,High,Yes,No,Yes,Yes,Yes,Yes,No,-4.84,0,0,0,0,0,0.55,0,0,2,1.50
3446,CCCCC(=O)Nc1ccccc1,C11H15NO,177.24,13,6,0.36,5,1,1,55.18,29.10,2.28,2.74,2.62,2.44,2.43,2.50,-2.68,3.73e-01,2.11e-03,Soluble,-3.01,1.75e-01,9.87e-04,Soluble,-4.00,1.79e-02,1.01e-04,Soluble,High,Yes,No,Yes,No,No,Yes,No,-5.44,0,0,0,0,1,0.55,0,0,1,1.08
3447,CCCCC(=O)O,C5H10O2,102.13,7,0,0.80,3,2,1,27.92,37.30,1.32,1.39,1.26,0.89,0.52,1.08,-1.15,7.22e+00,7.06e-02,Very soluble,-1.78,1.71e+00,1.67e-02,Very soluble,-0.78,1.69e+01,1.66e-01,Soluble,High,Yes,No,No,No,No,No,No,-5.94,0,3,0,0,1,0.85,0,0,1,1.00
3448,CCCCC(=O)OC,C6H12O2,116.16,8,0,0.83,4,2,0,32.24,26.30,2.17,1.96,1.35,1.27,1.08,1.57,-1.53,3.42e+00,2.94e-02,Very soluble,-2.14,8.47e-01,7.29e-03,Soluble,-1.50,3.64e+00,3.13e-02,Soluble,High,Yes,No,No,No,No,No,No,-5.62,0,2,0,0,1,0.55,0,0,1,1.12
3449,CCCCC(=O)OC(c1ccccc1)C(=O)NC1C(=O)N2C1SCC(=C2C(=O)O)C,C21H24N2O6S,432.49,30,6,0.43,10,6,2,114.66,138.31,2.42,2.23,1.51,1.78,2.07,2.00,-3.41,1.67e-01,3.85e-04,Soluble,-4.77,7.35e-03,1.70e-05,Moderately soluble,-3.90,5.50e-02,1.27e-04,Soluble,High,No,Yes,No,No,No,No,No,-7.35,0,0,0,1,0,0.56,0,0,2,4.85
3450,CCCCC(=O)OC1(C(C)CC2C1(C)CC(O)C1(C2CCC2=CC(=O)C=CC12C)F)C(=O)CO,C27H37FO6,476.58,34,0,0.74,7,7,2,126.11,100.90,2.94,3.60,4.06,2.57,4.31,3.49,-4.60,1.19e-02,2.51e-05,Moderately soluble,-5.41,1.87e-03,3.93e-06,Moderately soluble,-4.58,1.25e-02,2.62e-05,Moderately soluble,High,No,Yes,No,No,No,No,Yes,-6.65,0,1,0,0,0,0.55,0,0,2,5.91
3451,CCCCC(=O)OC1(CCC2C1(C)CC(O)C1C2CCC2=CC(=O)CCC12C)C(=O)CO,C26H38O6,446.58,32,0,0.81,7,6,2,121.69,100.90,3.22,3.79,3.52,2.35,4.18,3.41,-4.53,1.30e-02,2.92e-05,Moderately soluble,-5.60,1.11e-03,2.49e-06,Moderately soluble,-4.43,1.67e-02,3.75e-05,Moderately soluble,High,No,Yes,No,No,No,No,Yes,-6.33,0,0,0,0,0,0.55,0,0,2,5.63
3452,CCCCC(=O)OC1C(OC(=O)CCCC)C(OC1n1cnc2c1ncnc2OC)CO,C21H30N4O7,450.49,32,9,0.67,13,10,1,113.08,134.89,3.49,3.83,1.60,0.39,1.59,2.18,-4.40,1.81e-02,4.02e-05,Moderately soluble,-6.36,1.97e-04,4.38e-07,Poorly soluble,-3.68,9.37e-02,2.08e-04,Soluble,High,No,No,No,Yes,No,No,Yes,-6.33,1,0,1,1,0,0.55,0,1,3,5.09
3453,CCCCC(=O)OCC(=O)C1(O)C(C)CC2C1(C)CC(O)C1(C2CCC2=CC(=O)C=CC12C)F,C27H37FO6,476.58,34,0,0.74,7,7,2,126.11,100.90,3.39,3.87,4.06,2.57,4.31,3.64,-4.77,8.08e-03,1.69e-05,Moderately soluble,-5.69,9.82e-04,2.06e-06,Moderately soluble,-4.58,1.25e-02,2.62e-05,Moderately soluble,High,No,Yes,No,No,No,No,Yes,-6.46,0,1,0,0,0,0.55,0,0,2,5.89
3454,CCCCC(=O)OCC(=O)C1(O)CCC2C1(C)CC(=O)C1C2CCC2=CC(=O)C=CC12C,C26H34O6,442.54,32,0,0.69,7,6,1,120.26,97.74,3.48,3.82,3.51,2.19,4.36,3.47,-4.53,1.31e-02,2.96e-05,Moderately soluble,-5.57,1.20e-03,2.71e-06,Moderately soluble,-4.66,9.75e-03,2.20e-05,Moderately soluble,High,No,Yes,No,No,Yes,No,Yes,-6.29,0,0,0,0,0,0.55,0,0,2,5.51
3455,CCCCC(=O)OCC(=O)C1(O)CCC2C1(C)CC(O)C1C2CCC2=CC(=O)CCC12C,C26H38O6,446.58,32,0,0.81,7,6,2,121.69,100.90,3.50,3.62,3.52,2.35,4.18,3.44,-4.43,1.67e-02,3.74e-05,Moderately soluble,-5.43,1.67e-03,3.74e-06,Moderately soluble,-4.43,1.67e-02,3.75e-05,Moderately soluble,High,No,Yes,No,No,No,No,Yes,-6.45,0,0,0,0,0,0.55,0,0,2,5.60
3456,CCCCC(=O)OCC(=O)C1(O)CC(OC2CC(N)C(C(O2)C)O)c2c(C1)c(O)c1c(c2O)C(=O)c2c(C1=O)cccc2OC,C32H37NO12,627.64,45,12,0.50,10,13,5,156.82,212.14,3.82,2.66,1.42,-1.15,2.94,1.94,-4.94,7.13e-03,1.14e-05,Moderately soluble,-6.77,1.07e-04,1.71e-07,Poorly soluble,-5.22,3.80e-03,6.05e-06,Moderately soluble,Low,No,Yes,No,No,No,No,No,-8.24,2,3,1,1,3,0.17,1,1,2,6.36
3457,CCCCC(=O)OC1(C(C)CC2C1(C)CC(O)C1(C2CCC2=CC(=O)C=CC12C)F)C(=O)COC(=O)CCCC,C32H45FO7,560.69,40,0,0.75,12,8,1,150.27,106.97,4.06,5.26,5.80,3.46,6.10,4.94,-5.84,8.14e-04,1.45e-06,Moderately soluble,-7.26,3.11e-05,5.55e-08,Poorly soluble,-6.35,2.51e-04,4.48e-07,Poorly soluble,Low,No,Yes,No,No,No,No,Yes,-5.99,1,4,1,0,1,0.55,0,1,3,6.46
3458,CCCCC(=O)OCC1CCC(O1)n1cnc2c1nc[nH]c2=O,C15H20N4O4,320.34,23,9,0.60,7,6,1,82.93,99.10,2.26,0.65,1.21,0.21,1.75,1.21,-2.06,2.77e+00,8.65e-03,Soluble,-2.31,1.58e+00,4.93e-03,Soluble,-3.31,1.57e-01,4.89e-04,Soluble,High,No,Yes,No,No,No,No,No,-7.79,0,0,0,0,0,0.55,0,0,0,3.79
3459,CCCCC(=O)OCC1OC(CC1OC(=O)CCCC)n1cc(F)c(=O)[nH]c1=O,C19H27FN2O7,414.43,29,6,0.68,12,8,1,101.38,116.69,3.32,2.72,1.89,1.86,3.12,2.58,-3.48,1.36e-01,3.28e-04,Soluble,-4.82,6.21e-03,1.50e-05,Moderately soluble,-3.98,4.39e-02,1.06e-04,Soluble,High,No,No,No,Yes,No,No,Yes,-6.90,0,0,1,0,0,0.55,0,1,2,4.65
3460,CCCCC(=O)OCC1OC(CC1O)n1cc(I)c(=O)[nH]c1=O,C14H19IN2O6,438.21,23,6,0.64,7,6,2,89.98,110.62,2.37,1.44,0.20,1.08,1.97,1.41,-3.20,2.80e-01,6.38e-04,Soluble,-3.37,1.88e-01,4.28e-04,Soluble,-2.76,7.67e-01,1.75e-03,Soluble,High,No,No,No,No,No,No,No,-7.95,0,0,0,0,0,0.55,0,1,1,4.20
3461,CCCCC(=O)OCC1OC(C(C1O)OC(=O)CCCC)n1cnc2c1ncnc2OC,C21H30N4O7,450.49,32,9,0.67,13,10,1,113.08,134.89,3.97,3.58,1.60,0.39,1.59,2.23,-4.24,2.60e-02,5.77e-05,Moderately soluble,-6.10,3.59e-04,7.96e-07,Poorly soluble,-3.68,9.37e-02,2.08e-04,Soluble,High,No,No,No,No,No,No,Yes,-6.51,1,0,1,1,0,0.55,0,1,3,5.07
3462,CCCCC(=O)OCCOCn1cnc2c1nc(N)[nH]c2=O,C13H19N5O4,309.32,22,9,0.54,9,6,2,79.83,125.12,1.61,0.37,0.27,-0.01,0.92,0.63,-1.70,6.18e+00,2.00e-02,Very soluble,-2.56,8.47e-01,2.74e-03,Soluble,-3.12,2.35e-01,7.59e-04,Soluble,High,No,Yes,No,No,No,No,No,-7.92,0,0,0,0,0,0.55,0,0,1,2.99
3463,CCCCC(=O)OCN1C(=O)NC(C1=O)(c1ccccc1)c1ccccc1,C21H22N2O4,366.41,27,12,0.29,8,4,1,107.72,75.71,3.18,3.90,2.30,2.52,3.30,3.04,-4.37,1.56e-02,4.27e-05,Moderately soluble,-5.19,2.38e-03,6.48e-06,Moderately soluble,-6.54,1.05e-04,2.86e-07,Poorly soluble,High,Yes,No,No,Yes,Yes,No,No,-5.77,0,0,0,0,0,0.55,0,1,3,3.07
3464,CCCCC(=O)OCOCC(=O)C1(O)CC(OC2OC(C)C(C(C2)N(C)C)O)c2c(C1)c(O)c1c(c2O)C(=O)c2c(C1=O)cccc2OC,C35H43NO13,685.71,49,12,0.54,13,14,4,172.51,198.59,4.75,3.59,2.00,-0.93,3.37,2.55,-5.68,1.44e-03,2.11e-06,Moderately soluble,-7.45,2.45e-05,3.57e-08,Poorly soluble,-5.75,1.22e-03,1.77e-06,Moderately soluble,Low,No,Yes,No,No,No,No,No,-7.93,2,3,2,1,3,0.17,1,2,3,6.72
3465,CCCCC(=O)Oc1ccc(cc1)CC(C(=O)O)N,C14H19NO4,265.30,19,6,0.43,8,5,2,71.42,89.62,2.19,0.07,1.74,-0.39,2.02,1.13,-1.23,1.55e+01,5.83e-02,Very soluble,-1.51,8.28e+00,3.12e-02,Very soluble,-3.16,1.84e-01,6.95e-04,Soluble,High,No,No,No,No,No,No,No,-7.87,0,0,0,0,0,0.55,0,1,1,2.46
3466,CCCCC(=O)c1ccc[nH]1,C9H13NO,151.21,11,5,0.44,4,1,1,45.41,32.86,1.77,2.10,2.39,0.82,2.69,1.95,-2.17,1.02e+00,6.72e-03,Soluble,-2.42,5.74e-01,3.80e-03,Soluble,-3.14,1.10e-01,7.24e-04,Soluble,High,Yes,No,Yes,No,No,No,No,-5.73,0,1,0,0,1,0.55,0,0,1,1.60
3467,CCCCC(=O)c1ccncc1,C10H13NO,163.22,12,6,0.40,4,2,0,48.85,29.96,1.97,1.67,2.45,1.08,2.67,1.97,-2.01,1.59e+00,9.77e-03,Soluble,-1.91,1.99e+00,1.22e-02,Very soluble,-3.56,4.44e-02,2.72e-04,Soluble,High,Yes,No,Yes,No,No,No,No,-6.11,0,0,0,0,1,0.55,0,0,1,1.35
3468,CCCCC(c1ccccc1)(Cn1cncc1)C#N,C16H19N3,253.34,19,11,0.38,6,2,0,76.45,41.61,2.32,2.94,3.53,2.01,3.17,2.79,-3.30,1.28e-01,5.07e-04,Soluble,-3.48,8.47e-02,3.34e-04,Soluble,-5.07,2.15e-03,8.47e-06,Moderately soluble,High,Yes,No,No,Yes,No,Yes,No,-5.76,0,0,0,0,0,0.55,0,0,0,2.52
3469,CCCCC(n1nc2c(n1)cccc2)C(=O)OCC,C14H19N3O2,261.32,19,9,0.50,7,4,0,73.72,57.01,3.12,3.88,2.73,1.62,2.26,2.72,-3.79,4.21e-02,1.61e-04,Soluble,-4.77,4.39e-03,1.68e-05,Moderately soluble,-3.85,3.72e-02,1.42e-04,Soluble,High,Yes,No,Yes,Yes,Yes,No,No,-5.14,0,0,0,0,0,0.55,0,0,1,2.96
3470,CCCCC(n1nnc2c1cccc2)C(=O)OCC,C14H19N3O2,261.32,19,9,0.50,7,4,0,73.72,57.01,2.88,3.32,2.73,2.43,2.26,2.72,-3.44,9.48e-02,3.63e-04,Soluble,-4.19,1.67e-02,6.40e-05,Moderately soluble,-3.85,3.72e-02,1.42e-04,Soluble,High,Yes,No,Yes,Yes,Yes,No,No,-5.54,0,0,0,0,0,0.55,0,0,0,3.23
3471,CCCCC(n1nc2c(n1)cccc2)C(=O)N,C12H16N4O,232.28,17,9,0.42,5,3,1,65.73,73.80,2.01,2.28,1.65,0.68,1.11,1.55,-2.78,3.87e-01,1.67e-03,Soluble,-3.47,7.93e-02,3.41e-04,Soluble,-2.96,2.55e-01,1.10e-03,Soluble,High,No,No,Yes,No,No,No,No,-6.10,0,0,0,0,0,0.55,0,0,1,2.59
3472,CCCCC(n1nnc2c1cccc2)C(=O)N,C12H16N4O,232.28,17,9,0.42,5,3,1,65.73,73.80,1.93,1.88,1.65,1.49,1.11,1.61,-2.53,6.91e-01,2.98e-03,Soluble,-3.05,2.06e-01,8.87e-04,Soluble,-2.96,2.55e-01,1.10e-03,Soluble,High,No,No,No,No,No,No,No,-6.38,0,0,0,0,0,0.55,0,0,1,2.86
3473,CCCCC(c1ccc(c(c1)O)C1CCCC(C1)O)(C)C,C19H30O2,290.44,21,6,0.68,5,2,2,90.20,40.46,3.42,5.43,4.88,3.77,4.63,4.43,-4.94,3.31e-03,1.14e-05,Moderately soluble,-6.04,2.68e-04,9.21e-07,Poorly soluble,-4.87,3.91e-03,1.35e-05,Moderately soluble,High,Yes,No,No,No,No,Yes,No,-4.22,0,0,0,0,1,0.55,0,0,1,3.23
3474,CCCCC(=O)C,C6H12O,100.16,7,0,0.83,3,1,0,31.16,17.07,1.90,1.38,1.77,1.39,1.43,1.57,-1.13,7.38e+00,7.37e-02,Very soluble,-1.34,4.56e+00,4.55e-02,Very soluble,-1.74,1.83e+00,1.83e-02,Soluble,High,Yes,No,No,No,No,No,No,-5.93,0,3,0,0,2,0.55,0,0,1,1.00
3475,CCCCC(CC(/C=C/C1C(O)CC2C1CC(C2)CCOCC(=O)OC)O)C,C23H40O5,396.56,28,0,0.87,13,5,2,112.67,75.99,4.57,4.73,3.72,2.73,4.33,4.02,-4.42,1.51e-02,3.80e-05,Moderately soluble,-6.06,3.49e-04,8.80e-07,Poorly soluble,-3.33,1.85e-01,4.66e-04,Soluble,High,Yes,No,No,No,No,Yes,Yes,-5.36,0,0,1,0,0,0.55,0,1,3,5.47
3476,CC(N=C=S)CCCC,C7H13NS,143.25,9,0,0.86,4,1,0,44.92,44.45,2.73,3.79,2.67,3.22,3.42,3.16,-2.85,2.01e-01,1.41e-03,Soluble,-4.42,5.48e-03,3.82e-05,Moderately soluble,-2.09,1.16e+00,8.13e-03,Soluble,High,Yes,No,No,No,No,No,No,-4.48,0,1,0,0,1,0.55,0,2,2,2.39
3477,CCCCC(O)C,C6H14O,102.17,7,0,1.00,3,1,1,32.12,20.23,2.12,1.76,1.56,1.53,1.11,1.62,-1.38,4.22e+00,4.13e-02,Very soluble,-1.80,1.61e+00,1.58e-02,Very soluble,-1.27,5.53e+00,5.41e-02,Soluble,High,Yes,No,No,No,No,No,No,-5.67,0,2,0,0,2,0.55,0,0,1,1.34
3478,CCCCC(n1nnc2c1cccc2)C,C12H17N3,203.28,15,9,0.50,4,2,0,62.83,30.71,2.63,3.44,3.18,2.85,2.41,2.90,-3.45,7.25e-02,3.57e-04,Soluble,-3.77,3.49e-02,1.71e-04,Soluble,-3.76,3.57e-02,1.75e-04,Soluble,High,Yes,No,Yes,Yes,No,No,No,-5.10,0,0,0,0,0,0.55,0,0,1,2.59
3479,CCCCC(C(=O)N1c2ccc(cc2C2C1CCN(C2)C)C)CC,C21H32N2O,328.49,24,6,0.67,6,2,0,109.18,23.55,3.94,4.14,3.58,3.65,4.10,3.88,-4.27,1.75e-02,5.32e-05,Moderately soluble,-4.34,1.50e-02,4.55e-05,Moderately soluble,-5.13,2.44e-03,7.43e-06,Moderately soluble,High,Yes,No,No,No,No,Yes,Yes,-5.36,0,0,0,0,0,0.55,0,0,1,3.77
3480,CCCCC(C(=O)O)CC,C8H16O2,144.21,10,0,0.88,5,2,1,42.34,37.30,1.93,2.64,2.29,1.96,1.60,2.08,-2.07,1.24e+00,8.56e-03,Soluble,-3.07,1.22e-01,8.43e-04,Soluble,-1.67,3.07e+00,2.13e-02,Soluble,High,Yes,No,No,No,No,No,No,-5.31,0,1,0,0,1,0.85,0,0,1,1.92
3481,CCCCC(CN)CC,C8H19N,129.24,9,0,1.00,5,1,1,43.28,26.02,2.45,2.82,2.16,2.22,1.73,2.28,-2.09,1.06e+00,8.17e-03,Soluble,-3.02,1.22e-01,9.46e-04,Soluble,-2.33,6.06e-01,4.69e-03,Soluble,High,Yes,No,No,No,No,No,No,-5.09,0,1,0,0,2,0.55,0,0,1,1.68
3482,CCCCC(CN1C(=O)C2C(C1=O)C1(CCC2(C)C=C1)C(C)C)CC,C22H35NO2,345.52,25,0,0.82,7,2,0,107.74,37.38,4.14,5.96,4.44,4.10,4.84,4.70,-5.28,1.83e-03,5.31e-06,Moderately soluble,-6.52,1.04e-04,3.01e-07,Poorly soluble,-4.83,5.09e-03,1.47e-05,Moderately soluble,High,Yes,No,No,Yes,Yes,Yes,Yes,-4.18,0,0,0,0,1,0.55,0,2,1,4.65
3483,CCCCC(CN1C(=O)C2C(C1=O)C1CC2C=C1)CC,C17H25NO2,275.39,20,0,0.76,6,2,0,84.23,37.38,3.13,3.70,2.63,2.96,2.92,3.07,-3.48,9.07e-02,3.29e-04,Soluble,-4.18,1.84e-02,6.67e-05,Moderately soluble,-2.94,3.16e-01,1.15e-03,Soluble,High,Yes,No,No,Yes,Yes,No,Yes,-5.35,0,0,0,0,0,0.55,0,2,1,4.26
3484,CCCCC(COC(=O)COc1ccc(cc1Cl)Cl)CC,C16H22Cl2O3,333.25,21,6,0.56,10,3,0,87.50,35.53,4.01,5.94,5.13,4.30,5.43,4.96,-5.20,2.10e-03,6.31e-06,Moderately soluble,-6.46,1.15e-04,3.46e-07,Poorly soluble,-6.28,1.74e-04,5.22e-07,Poorly soluble,High,Yes,No,Yes,No,Yes,Yes,No,-4.12,1,0,0,0,1,0.55,0,0,2,3.30
3485,CCCCC(COC(=O)c1ccccc1C(=O)OCC(CCCC)CC)CC,C24H38O4,390.56,28,6,0.67,16,4,0,116.30,52.60,4.77,7.45,6.43,5.24,6.98,6.17,-6.06,3.42e-04,8.76e-07,Poorly soluble,-8.39,1.60e-06,4.11e-09,Poorly soluble,-7.40,1.56e-05,3.99e-08,Poorly soluble,High,No,Yes,No,No,Yes,No,Yes,-3.39,1,1,1,1,2,0.55,0,1,3,4.12
3486,CCCCC(COC(=O)c1ccccc1C(=O)OCC(CCCC)CC)CC,C24H38O4,390.56,28,6,0.67,16,4,0,116.30,52.60,4.77,7.45,6.43,5.24,6.98,6.17,-6.06,3.42e-04,8.76e-07,Poorly soluble,-8.39,1.60e-06,4.11e-09,Poorly soluble,-7.40,1.56e-05,3.99e-08,Poorly soluble,High,No,Yes,No,No,Yes,No,Yes,-3.39,1,1,1,1,2,0.55,0,1,3,4.12
3487,CCCCC(COP(=O)(Oc1ccccc1)Oc1ccccc1)CC,C20H27O4P,362.40,25,12,0.40,11,4,0,102.34,54.57,4.32,5.73,6.49,4.21,4.80,5.11,-5.33,1.71e-03,4.72e-06,Moderately soluble,-6.64,8.24e-05,2.27e-07,Poorly soluble,-6.95,4.05e-05,1.12e-07,Poorly soluble,High,No,No,No,Yes,Yes,Yes,Yes,-4.44,1,1,1,1,1,0.55,0,1,3,4.47
3488,CCCCC(C(=O)O)CCC,C9H18O2,158.24,11,0,0.89,6,2,1,47.15,37.30,2.26,3.01,2.68,2.28,2.03,2.45,-2.32,7.55e-01,4.77e-03,Soluble,-3.46,5.51e-02,3.48e-04,Soluble,-2.09,1.29e+00,8.17e-03,Soluble,High,Yes,No,No,No,No,No,No,-5.13,0,1,0,0,1,0.85,0,0,1,2.02
3489,CCCCC(C(=O)O)CCCC,C10H20O2,172.26,12,0,0.90,7,2,1,51.96,37.30,2.54,3.20,3.07,2.58,2.46,2.77,-2.46,5.95e-01,3.45e-03,Soluble,-3.66,3.81e-02,2.21e-04,Soluble,-2.50,5.43e-01,3.16e-03,Soluble,High,Yes,No,No,No,No,No,No,-5.08,0,0,0,0,1,0.85,0,0,1,1.67
3490,CCCCC(N(c1nc(=O)n(c(=O)[nH]1)C(C)C)C(=O)C)CCCC,C17H30N4O3,338.45,24,6,0.76,10,4,1,97.66,88.06,2.93,3.50,2.61,1.71,3.00,2.75,-3.67,7.26e-02,2.15e-04,Soluble,-5.03,3.14e-03,9.28e-06,Moderately soluble,-3.98,3.50e-02,1.04e-04,Soluble,High,No,No,No,Yes,No,No,Yes,-5.88,0,0,0,0,0,0.55,0,0,1,2.89
3491,CCCCC(O[N+](=O)[O-])CO[N+](=O)[O-],C6H12N2O6,208.17,14,0,1.00,8,6,0,49.34,110.10,0.96,2.63,0.96,-0.41,-3.04,0.22,-2.26,1.15e+00,5.50e-03,Soluble,-4.59,5.32e-03,2.56e-05,Moderately soluble,-0.18,1.36e+02,6.55e-01,Soluble,High,No,No,No,No,No,No,No,-5.70,0,0,0,0,0,0.55,0,2,2,3.84
3492,CCCCC(C(=O)O)N,C6H13NO2,131.17,9,0,0.83,4,3,2,35.44,63.32,1.17,-1.54,0.59,-1.82,0.02,-0.32,0.58,5.00e+02,3.81e+00,Highly soluble,0.72,6.84e+02,5.21e+00,Highly soluble,-0.51,4.06e+01,3.10e-01,Soluble,High,No,No,No,No,No,No,No,-8.19,0,2,0,0,1,0.55,0,0,1,1.62
3493,CCCCC(Cc1ccccc1)N,C12H19N,177.29,13,6,0.50,5,1,1,58.15,26.02,2.60,3.36,2.75,3.06,3.02,2.96,-3.07,1.52e-01,8.56e-04,Soluble,-3.58,4.62e-02,2.60e-04,Soluble,-4.09,1.44e-02,8.13e-05,Moderately soluble,High,Yes,No,No,No,No,Yes,No,-5.00,0,0,0,0,2,0.55,0,0,1,1.78
3494,CCCCC(C(=O)OC)NC(=O)C,C9H17NO3,187.24,13,0,0.78,7,3,1,49.66,55.40,2.38,0.79,0.85,0.84,1.10,1.19,-1.04,1.72e+01,9.19e-02,Very soluble,-1.53,5.47e+00,2.92e-02,Very soluble,-2.00,1.89e+00,1.01e-02,Soluble,High,Yes,No,No,No,No,No,No,-6.88,0,0,0,0,1,0.55,0,0,1,2.11
3495,CCCCC(C(=O)OC)NC(=O)C,C9H17NO3,187.24,13,0,0.78,7,3,1,49.66,55.40,2.38,0.79,0.85,0.84,1.10,1.19,-1.04,1.72e+01,9.19e-02,Very soluble,-1.53,5.47e+00,2.92e-02,Very soluble,-2.00,1.89e+00,1.01e-02,Soluble,High,Yes,No,No,No,No,No,No,-6.88,0,0,0,0,1,0.55,0,0,1,2.11
3496,CCCCC(C(=O)NC(C(CC(C(=O)NCCCN1CCOCC1)C(C)C)O)CC1CCCCC1)NC(C(=O)N1CCC(CC1)OCOC)Cc1ccccc1,C44H75N5O7,786.10,56,6,0.80,27,9,4,229.97,141.70,5.99,4.50,3.91,1.61,6.71,4.55,-5.85,1.12e-03,1.43e-06,Moderately soluble,-7.20,5.00e-05,6.36e-08,Poorly soluble,-8.73,1.46e-06,1.86e-09,Poorly soluble,Low,No,Yes,No,No,No,No,Yes,-7.90,2,3,2,1,2,0.17,0,1,3,7.54
3497,CCCCC(C(=O)NC(C(CC(C(=O)NCCCN1CCOCC1)C(C)C)O)CC1CCCCC1)NC(C(=O)N1CCC(CC1)OCOC)Cc1ccccc1,C44H75N5O7,786.10,56,6,0.80,27,9,4,229.97,141.70,5.99,4.50,3.91,1.61,6.71,4.55,-5.85,1.12e-03,1.43e-06,Moderately soluble,-7.20,5.00e-05,6.36e-08,Poorly soluble,-8.73,1.46e-06,1.86e-09,Poorly soluble,Low,No,Yes,No,No,No,No,Yes,-7.90,2,3,2,1,2,0.17,0,1,3,7.54
3498,CCCCC(C(=O)NC(C(CC(C(=O)NCCCN1CCOCC1)C(C)C)O)CC1CCCCC1)NC(C(=O)N1CCC(CC1)OCOC)Cc1ccccc1,C44H75N5O7,786.10,56,6,0.80,27,9,4,229.97,141.70,5.99,4.50,3.91,1.61,6.71,4.55,-5.85,1.12e-03,1.43e-06,Moderately soluble,-7.20,5.00e-05,6.36e-08,Poorly soluble,-8.73,1.46e-06,1.86e-09,Poorly soluble,Low,No,Yes,No,No,No,No,Yes,-7.90,2,3,2,1,2,0.17,0,1,3,7.54
3499,CCCCC(C(=O)NC(C(CC(C(=O)NCCN)C(C)C)O)CC1CCCCC1)NC(C(=O)N1CCC(CC1)OCOC)Cc1ccccc1,C39H67N5O6,701.98,50,6,0.77,25,8,5,202.86,155.25,4.47,3.50,3.53,1.52,5.66,3.73,-4.84,1.02e-02,1.46e-05,Moderately soluble,-6.44,2.53e-04,3.60e-07,Poorly soluble,-7.91,8.60e-06,1.22e-08,Poorly soluble,Low,No,No,No,No,No,No,Yes,-8.10,2,3,2,1,3,0.17,0,1,2,6.85
3500,CCCCC(C(=O)NC(C(CC(C(=O)NCCNc1n[nH]c(n1)N)C(C)C)O)CC1CCCCC1)NC(C(=O)N1CCC(CC1)OCOC)Cc1ccccc1,C41H69N9O6,784.04,56,11,0.73,27,9,7,223.32,208.85,3.70,4.89,3.20,1.65,4.84,3.66,-6.15,5.61e-04,7.16e-07,Poorly soluble,-9.01,7.64e-07,9.74e-10,Poorly soluble,-8.82,1.19e-06,1.51e-09,Poorly soluble,Low,No,No,No,No,No,No,Yes,-7.61,3,3,2,1,4,0.17,0,1,3,7.42
3501,CCCCC(C(=O)NC(C(CC(C(=O)NCCNc1n[nH]c(n1)N)C(C)C)O)CC1CCCCC1)NC(C(=O)N1CCC(CC1)OCOC)Cc1ccccc1,C41H69N9O6,784.04,56,11,0.73,27,9,7,223.32,208.85,3.70,4.89,3.20,1.65,4.84,3.66,-6.15,5.61e-04,7.16e-07,Poorly soluble,-9.01,7.64e-07,9.74e-10,Poorly soluble,-8.82,1.19e-06,1.51e-09,Poorly soluble,Low,No,No,No,No,No,No,Yes,-7.61,3,3,2,1,4,0.17,0,1,3,7.42
3502,CCCCC(C(=O)NC(C(CC(C(=O)NCC[N+]1([O-])CCOCC1)C(C)C)O)CC1CCCCC1)NC(C(=O)N1CCC(CC1)OCOC)Cc1ccccc1,C43H73N5O8,788.07,56,6,0.79,26,9,4,228.53,167.89,4.33,4.15,3.54,-0.34,2.94,2.93,-5.70,1.56e-03,1.98e-06,Moderately soluble,-7.38,3.26e-05,4.14e-08,Poorly soluble,-8.47,2.70e-06,3.42e-09,Poorly soluble,Low,No,Yes,No,No,No,No,Yes,-8.16,2,3,2,1,3,0.17,0,2,3,7.59
3503,CCCCC(C(=O)O)Nc1ccc(cc1[N+](=O)[O-])[N+](=O)[O-],C12H15N3O6,297.26,21,6,0.42,8,6,2,79.20,140.97,1.52,3.54,2.37,-1.89,-2.11,0.69,-3.60,7.52e-02,2.53e-04,Soluble,-6.19,1.94e-04,6.53e-07,Poorly soluble,-2.22,1.77e+00,5.97e-03,Soluble,Low,No,No,No,Yes,Yes,No,No,-5.60,0,0,1,1,0,0.56,0,2,2,3.11
3504,CCCCC(c1ccc(cc1Cl)Cl)(Cn1cncn1)O,C14H17Cl2N3O,314.21,20,11,0.43,6,3,1,80.87,50.94,2.93,3.90,3.55,3.00,3.40,3.36,-4.26,1.74e-02,5.54e-05,Moderately soluble,-4.67,6.75e-03,2.15e-05,Moderately soluble,-5.25,1.77e-03,5.64e-06,Moderately soluble,High,Yes,No,Yes,Yes,Yes,Yes,No,-5.45,0,0,0,0,0,0.55,0,0,1,2.96
3505,CCCCC(C(=O)O)O,C6H12O3,132.16,9,0,0.83,4,3,2,33.89,57.53,0.96,0.81,0.62,0.39,0.26,0.61,-0.91,1.64e+01,1.24e-01,Very soluble,-1.60,3.32e+00,2.51e-02,Very soluble,-0.29,6.72e+01,5.08e-01,Soluble,High,No,No,No,No,No,No,No,-6.53,0,2,0,0,1,0.85,0,0,1,1.86
3506,CCCCC(C(n1ncnc1)CCCCOc1ccc(cc1)F)O,C18H26FN3O2,335.42,24,11,0.56,11,5,1,91.68,60.17,3.76,3.99,4.18,2.76,3.62,3.66,-4.05,3.01e-02,8.99e-05,Moderately soluble,-4.96,3.72e-03,1.11e-05,Moderately soluble,-5.29,1.73e-03,5.16e-06,Moderately soluble,High,Yes,No,Yes,Yes,Yes,No,Yes,-5.51,0,0,1,0,0,0.55,0,0,2,3.52
3507,CCCCC(C(n1cncn1)CCCCOc1cccc(c1)C)O,C19H29N3O2,331.45,24,11,0.58,11,4,1,96.69,60.17,3.93,4.25,3.93,2.61,3.72,3.69,-4.19,2.16e-02,6.52e-05,Moderately soluble,-5.22,1.97e-03,5.96e-06,Moderately soluble,-5.40,1.33e-03,4.01e-06,Moderately soluble,High,Yes,No,Yes,No,Yes,No,Yes,-5.30,0,0,1,0,0,0.55,0,0,2,3.50
3508,CCCCC(C(n1ncnc1)CCCCOc1cccc2c1cccc2)O,C22H29N3O2,367.48,27,15,0.45,11,4,1,109.23,60.17,3.81,5.13,4.77,3.08,4.28,4.22,-5.04,3.39e-03,9.22e-06,Moderately soluble,-6.14,2.67e-04,7.27e-07,Poorly soluble,-6.66,8.02e-05,2.18e-07,Poorly soluble,High,Yes,No,Yes,Yes,Yes,Yes,Yes,-4.90,0,0,1,0,1,0.55,0,0,3,3.69
3509,CCCCC(CC)O,C7H16O,116.20,8,0,1.00,4,1,1,36.92,20.23,2.34,2.24,1.95,1.89,1.54,1.99,-1.71,2.28e+00,1.96e-02,Very soluble,-2.30,5.82e-01,5.01e-03,Soluble,-1.69,2.36e+00,2.03e-02,Soluble,High,Yes,No,No,No,No,No,No,-5.42,0,2,0,0,2,0.55,0,0,1,1.65
3510,CCCCC(CCC)O,C8H18O,130.23,9,0,1.00,5,1,1,41.73,20.23,2.53,2.68,2.34,2.22,1.97,2.35,-2.01,1.28e+00,9.87e-03,Soluble,-2.76,2.28e-01,1.75e-03,Soluble,-2.12,9.99e-01,7.67e-03,Soluble,High,Yes,No,No,No,No,No,No,-5.19,0,1,0,0,2,0.55,0,0,1,1.75
3511,CCCCC(CCC)O,C8H18O,130.23,9,0,1.00,5,1,1,41.73,20.23,2.53,2.68,2.34,2.22,1.97,2.35,-2.01,1.28e+00,9.87e-03,Soluble,-2.76,2.28e-01,1.75e-03,Soluble,-2.12,9.99e-01,7.67e-03,Soluble,High,Yes,No,No,No,No,No,No,-5.19,0,1,0,0,2,0.55,0,0,1,1.75
3512,CCCCC(CCC)O,C8H18O,130.23,9,0,1.00,5,1,1,41.73,20.23,2.53,2.68,2.34,2.22,1.97,2.35,-2.01,1.28e+00,9.87e-03,Soluble,-2.76,2.28e-01,1.75e-03,Soluble,-2.12,9.99e-01,7.67e-03,Soluble,High,Yes,No,No,No,No,No,No,-5.19,0,1,0,0,2,0.55,0,0,1,1.75
3513,CCCCC(CCC)O,C8H18O,130.23,9,0,1.00,5,1,1,41.73,20.23,2.53,2.68,2.34,2.22,1.97,2.35,-2.01,1.28e+00,9.87e-03,Soluble,-2.76,2.28e-01,1.75e-03,Soluble,-2.12,9.99e-01,7.67e-03,Soluble,High,Yes,No,No,No,No,No,No,-5.19,0,1,0,0,2,0.55,0,0,1,1.75
3514,CCCCC(C(=O)NC(C(CC(C(=O)NCCCNc1n[nH]c(n1)N)C(C)C)O)CC1CCCCC1)OC(C(=O)N1CCC(CC1)OCOC)Cc1ccccc1,C42H70N8O7,799.05,57,11,0.74,28,9,6,226.41,206.05,4.24,4.99,4.02,1.82,5.58,4.13,-6.23,4.68e-04,5.85e-07,Poorly soluble,-9.06,7.02e-07,8.78e-10,Poorly soluble,-8.89,1.03e-06,1.29e-09,Poorly soluble,Low,No,Yes,No,No,No,No,Yes,-7.63,3,3,2,1,4,0.17,0,1,3,7.73
3515,CCCCC(C(=O)NC(C(CC(C(=O)NCCCNc1n[nH]c(n1)N)C(C)C)O)CC1CCCCC1)OC(C(=O)N1CCC(CC1)OCOC)Cc1ccccc1,C42H70N8O7,799.05,57,11,0.74,28,9,6,226.41,206.05,4.24,4.99,4.02,1.82,5.58,4.13,-6.23,4.68e-04,5.85e-07,Poorly soluble,-9.06,7.02e-07,8.78e-10,Poorly soluble,-8.89,1.03e-06,1.29e-09,Poorly soluble,Low,No,Yes,No,No,No,No,Yes,-7.63,3,3,2,1,4,0.17,0,1,3,7.73
3516,CCCCC(C(=O)NC(C(CC(C(=O)NCCNc1noc(n1)N)C(C)C)O)CC1CCCCC1)OC(C(=O)N1CCC(CC1)OCOC)Cc1ccccc1,C41H67N7O8,786.01,56,11,0.73,27,10,5,219.52,203.40,5.02,4.50,3.89,1.65,5.03,4.02,-5.91,9.63e-04,1.23e-06,Moderately soluble,-8.49,2.53e-06,3.22e-09,Poorly soluble,-8.51,2.43e-06,3.10e-09,Poorly soluble,Low,No,Yes,No,No,No,No,Yes,-7.90,2,3,2,1,3,0.17,0,1,3,7.68
3517,CCCCC/C=C/C/C=C/C/C=C/C/C=C/CCCC(=O)O,C20H32O2,304.47,22,0,0.55,14,2,1,98.13,37.30,4.64,6.98,6.22,4.75,6.29,5.78,-5.20,1.92e-03,6.29e-06,Moderately soluble,-7.58,8.05e-06,2.64e-08,Poorly soluble,-4.04,2.81e-02,9.23e-05,Moderately soluble,High,No,No,Yes,No,Yes,No,No,-3.20,1,1,1,1,1,0.85,0,1,2,3.26
3518,CCCCC/C=C\C/C=C\CCCCCCCC(=O)OC,C19H34O2,294.47,21,0,0.74,15,2,0,93.78,26.30,4.64,6.98,5.97,4.75,6.29,5.78,-5.20,1.92e-03,6.29e-06,Moderately soluble,-7.58,8.05e-06,2.64e-08,Poorly soluble,-4.04,2.81e-02,9.23e-05,Moderately soluble,High,No,No,Yes,No,Yes,No,No,-3.20,1,1,1,1,1,0.85,0,1,2,3.26
3519,CCCCC1(CC)C(=O)NC(=O)NC1=O,C10H16N2O3,212.25,15,0,0.70,4,3,2,62.23,75.27,1.47,1.73,0.18,0.64,1.50,1.10,-1.98,2.21e+00,1.04e-02,Very soluble,-2.93,2.51e-01,1.18e-03,Soluble,-3.15,1.51e-01,7.11e-04,Soluble,High,No,No,No,No,No,No,No,-6.37,0,0,0,0,0,0.55,0,1,1,2.03
3520,CCCCC1(CCCC)C(=O)NC(=O)NC1=O,C12H20N2O3,240.30,17,0,0.75,6,3,2,71.85,75.27,1.87,2.70,0.96,1.21,2.26,1.80,-2.63,5.57e-01,2.32e-03,Soluble,-3.93,2.80e-02,1.17e-04,Soluble,-3.96,2.65e-02,1.10e-04,Soluble,High,No,No,Yes,No,No,No,No,-5.85,0,0,0,0,0,0.55,0,1,1,2.23
3521,CCCCC1(CCC(=O)NC1=O)c1ccncc1,C14H18N2O2,246.30,18,6,0.50,4,3,1,72.54,59.06,1.90,1.68,1.57,1.59,3.03,1.95,-2.41,9.62e-01,3.91e-03,Soluble,-2.53,7.19e-01,2.92e-03,Soluble,-4.84,3.58e-03,1.45e-05,Moderately soluble,High,Yes,No,No,No,No,No,No,-6.61,0,0,0,0,0,0.55,0,1,1,2.42
3522,CCCCC1=Nc2ccc(cc2S(=O)(=O)N1)Cl,C11H13ClN2O2S,272.75,17,6,0.36,3,3,1,76.10,66.91,2.11,2.52,3.17,2.18,2.93,2.58,-3.18,1.79e-01,6.58e-04,Soluble,-3.57,7.32e-02,2.68e-04,Soluble,-4.90,3.46e-03,1.27e-05,Moderately soluble,High,Yes,No,Yes,Yes,No,No,No,-6.17,0,0,0,0,0,0.55,0,0,0,3.25
3523,CCCCC1C(=O)N(N(C1=O)c1ccc(cc1)O)c1ccccc1,C19H20N2O3,324.37,24,12,0.26,5,3,1,99.78,60.85,3.01,2.72,2.73,2.95,2.41,2.76,-3.60,8.06e-02,2.48e-04,Soluble,-3.65,7.24e-02,2.23e-04,Soluble,-4.97,3.50e-03,1.08e-05,Moderately soluble,High,Yes,No,No,Yes,Yes,Yes,No,-6.35,0,0,0,0,0,0.55,1,1,0,3.13
3524,CCCCC1C(=O)N(N(C1=O)c1ccccc1)c1ccccc1,C19H20N2O2,308.37,23,12,0.26,5,2,0,97.76,40.62,3.35,3.16,3.03,3.51,2.89,3.19,-3.80,4.90e-02,1.59e-04,Soluble,-3.68,6.39e-02,2.07e-04,Soluble,-5.55,8.67e-04,2.81e-06,Moderately soluble,High,Yes,No,No,Yes,Yes,Yes,No,-5.94,0,0,0,0,0,0.55,1,1,0,2.66
3525,CCCCC1C(=O)NC(=O)N(C1=O)C,C9H14N2O3,198.22,14,0,0.67,3,3,1,57.78,66.48,1.64,1.10,-0.26,0.34,0.58,0.68,-1.56,5.41e+00,2.73e-02,Very soluble,-2.09,1.62e+00,8.15e-03,Soluble,-1.81,3.09e+00,1.56e-02,Soluble,High,No,No,No,No,No,No,No,-6.73,0,0,0,0,1,0.55,0,1,1,2.35
3526,CCCCC1C(=O)NC(=O)NC1=O,C8H12N2O3,184.19,13,0,0.62,3,3,2,52.88,75.27,0.97,0.77,-0.60,0.02,0.68,0.37,-1.27,9.91e+00,5.38e-02,Very soluble,-1.93,2.16e+00,1.17e-02,Very soluble,-2.13,1.36e+00,7.40e-03,Soluble,High,No,No,No,No,No,No,No,-6.88,0,1,0,0,1,0.55,0,1,1,1.79
3527,CCCCC1CN(C(C1)C(=O)NC(C1OC(SC)C(C(C1O)O)O)C(Cl)C)CC,C20H37ClN2O5S,453.04,29,0,0.95,10,6,4,120.80,127.56,3.07,3.21,0.79,0.39,1.46,1.78,-4.01,4.42e-02,9.75e-05,Moderately soluble,-5.56,1.24e-03,2.75e-06,Moderately soluble,-1.98,4.74e+00,1.05e-02,Soluble,High,No,Yes,No,No,No,No,No,-6.78,0,0,0,0,0,0.55,0,1,2,5.82
3528,CCCCC1CN(C(C1)C(=O)NC(C1OC(SC)C(C(C1O)O)O)C(O)C)C,C19H36N2O6S,420.56,28,0,0.95,9,7,5,112.35,147.79,2.61,0.56,-0.85,-0.85,-0.07,0.28,-2.21,2.62e+00,6.22e-03,Soluble,-3.24,2.44e-01,5.81e-04,Soluble,-0.42,1.61e+02,3.84e-01,Soluble,Low,No,Yes,No,No,No,No,No,-8.47,0,1,1,1,0,0.55,0,0,2,5.66
3529,CCCCC1CN(C(C1)C(=O)NC(C1OC(SC)C(C(C1O)O)O)C(O)C)CC,C20H38N2O6S,434.59,29,0,0.95,10,7,5,117.16,147.79,2.65,1.76,-0.46,-0.62,0.34,0.73,-2.98,4.52e-01,1.04e-03,Soluble,-4.48,1.44e-02,3.30e-05,Moderately soluble,-0.81,6.76e+01,1.56e-01,Soluble,Low,No,Yes,No,No,No,No,No,-7.70,0,1,1,1,0,0.55,0,0,2,5.78
3530,CCCCC1CCCc2n1c(=O)c(cn2)C(=O)OC,C14H20N2O3,264.32,19,6,0.64,5,4,0,72.73,61.19,2.86,1.77,2.10,1.84,2.37,2.19,-2.50,8.41e-01,3.18e-03,Soluble,-2.67,5.61e-01,2.12e-03,Soluble,-3.29,1.35e-01,5.09e-04,Soluble,High,Yes,No,No,Yes,No,No,No,-6.66,0,0,0,0,0,0.55,0,0,0,3.26
3531,CCCCC1CO1,C6H12O,100.16,7,0,1.00,3,1,0,29.93,12.53,2.18,1.93,1.58,1.14,2.12,1.79,-1.48,3.33e+00,3.32e-02,Very soluble,-1.82,1.53e+00,1.52e-02,Very soluble,-1.46,3.45e+00,3.44e-02,Soluble,High,Yes,No,No,No,No,No,No,-5.54,0,3,0,0,2,0.55,0,1,1,1.73
3532,CCCCC1OC(=O)c2c1ccc(c2)Cl,C12H13ClO2,224.68,15,6,0.42,3,2,0,60.00,26.30,2.61,3.53,3.42,3.27,3.85,3.34,-3.55,6.26e-02,2.79e-04,Soluble,-3.77,3.85e-02,1.71e-04,Soluble,-4.57,6.02e-03,2.68e-05,Moderately soluble,High,Yes,No,Yes,No,Yes,No,No,-5.16,0,0,0,0,0,0.55,0,0,2,2.68
3533,CCCCC1OC(=O)c2c1ccc(c2)N(CCO)CCO,C16H23NO4,293.36,21,6,0.56,8,4,2,81.14,70.00,2.68,1.34,1.55,1.48,2.45,1.90,-2.19,1.91e+00,6.51e-03,Soluble,-2.41,1.14e+00,3.88e-03,Soluble,-3.75,5.25e-02,1.79e-04,Soluble,High,Yes,Yes,No,No,No,Yes,No,-7.14,0,0,0,0,0,0.55,0,0,1,3.13
3534,CCCCC1OC(=O)c2c1ccc(c2)N,C12H15NO2,205.25,15,6,0.42,3,2,1,59.40,52.32,2.07,2.86,2.35,2.12,2.50,2.38,-3.01,1.99e-01,9.72e-04,Soluble,-3.62,4.95e-02,2.41e-04,Soluble,-3.60,5.22e-02,2.54e-04,Soluble,High,Yes,No,Yes,No,No,No,No,-5.52,0,0,0,0,0,0.55,0,1,1,2.60
3535,CCCCC1OC(=O)c2c1ccc(c2)NC(=O)C,C14H17NO3,247.29,18,6,0.43,5,3,1,69.31,55.40,2.25,2.77,2.53,2.13,2.86,2.51,-3.03,2.28e-01,9.23e-04,Soluble,-3.59,6.37e-02,2.58e-04,Soluble,-4.34,1.13e-02,4.55e-05,Moderately soluble,High,Yes,No,Yes,Yes,No,No,No,-5.84,0,0,0,0,0,0.55,0,0,1,2.78
3536,CCCCC1OC(=O)c2c1ccc(c2)[N+](=O)[O-],C12H13NO4,235.24,17,6,0.42,4,4,0,63.82,72.12,2.02,2.92,2.67,1.64,1.05,2.06,-3.14,1.72e-01,7.32e-04,Soluble,-4.10,1.89e-02,8.02e-05,Moderately soluble,-3.34,1.09e-01,4.61e-04,Soluble,High,Yes,No,Yes,Yes,No,No,No,-5.66,0,0,0,0,0,0.55,0,2,1,2.89
3537,CCCCC1OC(=O)c2c1cccc2,C12H14O2,190.24,14,6,0.42,3,2,0,54.99,26.30,2.53,2.80,2.76,2.73,3.23,2.81,-2.90,2.38e-01,1.25e-03,Soluble,-3.01,1.86e-01,9.79e-04,Soluble,-3.95,2.13e-02,1.12e-04,Soluble,High,Yes,No,Yes,No,No,No,No,-5.47,0,0,0,0,1,0.55,0,0,1,2.51
3538,CCCCCBr,C5H11Br,151.04,6,0,1.00,3,0,0,34.02,0.00,2.35,3.37,2.57,2.78,2.01,2.62,-2.70,3.00e-01,1.99e-03,Soluble,-3.05,1.35e-01,8.95e-04,Soluble,-2.72,2.88e-01,1.91e-03,Soluble,Low,Yes,No,No,No,No,No,No,-4.83,0,3,0,0,2,0.55,0,1,1,2.83
3539,CCCCCC,C6H14,86.18,6,0,1.00,3,0,0,30.96,0.00,2.35,3.90,2.59,3.52,1.78,2.83,-2.63,2.00e-01,2.33e-03,Soluble,-3.60,2.17e-02,2.52e-04,Soluble,-2.17,5.87e-01,6.81e-03,Soluble,Low,Yes,No,No,No,No,No,No,-4.06,0,2,0,0,2,0.55,0,0,2,1.00
3540,CCCCCC#N,C6H11N,97.16,7,0,0.83,3,1,0,30.71,23.79,1.84,1.66,2.09,1.39,1.41,1.68,-1.29,4.98e+00,5.13e-02,Very soluble,-1.77,1.64e+00,1.69e-02,Very soluble,-1.89,1.26e+00,1.29e-02,Soluble,High,Yes,No,No,No,No,No,No,-5.71,0,3,0,0,2,0.55,0,0,1,1.29
3541,CCCCCC(=O)N(c1ccc(cc1)S(=O)(=O)N(C)C)C,C15H24N2O3S,312.43,21,6,0.53,8,4,0,85.68,66.07,2.90,2.16,3.56,1.86,1.38,2.37,-2.82,4.71e-01,1.51e-03,Soluble,-3.18,2.06e-01,6.61e-04,Soluble,-4.09,2.51e-02,8.04e-05,Moderately soluble,High,Yes,No,No,Yes,No,No,No,-6.67,0,0,0,0,0,0.55,0,0,1,2.33
3542,CCCCCC(=O)NC1C(=O)N2C1SC(C2C(=O)O)(C)C,C14H22N2O4S,314.40,21,0,0.79,7,4,2,84.60,112.01,2.12,2.37,0.82,1.30,1.03,1.53,-2.82,4.75e-01,1.51e-03,Soluble,-4.36,1.36e-02,4.34e-05,Moderately soluble,-2.03,2.92e+00,9.29e-03,Soluble,High,No,No,No,No,No,No,No,-6.54,0,0,0,0,0,0.56,0,0,0,4.20
3543,CCCCCC(=O)NN,C6H14N2O,130.19,9,0,0.83,5,2,2,36.67,55.12,1.49,0.48,0.56,0.80,0.02,0.67,-0.62,3.13e+01,2.40e-01,Very soluble,-1.21,8.09e+00,6.21e-02,Very soluble,-1.49,4.20e+00,3.23e-02,Soluble,High,No,No,No,No,No,No,No,-6.75,0,2,0,0,1,0.55,0,2,1,1.43
3544,CCCCCC(=O)Nc1ccccc1,C12H17NO,191.27,14,6,0.42,6,1,1,59.98,29.10,2.55,3.28,3.01,2.72,2.80,2.87,-3.01,1.85e-01,9.70e-04,Soluble,-3.57,5.20e-02,2.72e-04,Soluble,-4.41,7.51e-03,3.93e-05,Moderately soluble,High,Yes,No,Yes,No,No,Yes,No,-5.14,0,0,0,0,1,0.55,0,0,1,1.28
3545,CCCCCC(=O)O,C6H12O2,116.16,8,0,0.83,4,2,1,32.73,37.30,1.57,1.92,1.65,1.27,0.93,1.47,-1.51,3.62e+00,3.12e-02,Very soluble,-2.33,5.47e-01,4.71e-03,Soluble,-1.21,7.23e+00,6.22e-02,Soluble,High,Yes,No,No,No,No,No,No,-5.65,0,2,0,0,1,0.85,0,0,1,1.17
3546,CCCCCC(=O)OCC(=O)C1(O)C(C)CC2C1(C)CC(O)C1(C2CCC2=CC(=O)C=CC12C)F,C28H39FO6,490.60,35,0,0.75,8,7,2,130.92,100.90,2.61,4.41,4.45,2.77,4.73,3.79,-5.13,3.62e-03,7.38e-06,Moderately soluble,-6.25,2.78e-04,5.67e-07,Poorly soluble,-4.97,5.23e-03,1.07e-05,Moderately soluble,High,No,Yes,No,No,No,No,Yes,-6.16,0,3,0,0,0,0.55,0,0,3,6.01
3547,CCCCCC(=O)OCC(=O)C1(O)CCC2C1(C)CC(O)C1C2CCC2=CC(=O)CCC12C,C27H40O6,460.60,33,0,0.81,8,6,2,126.50,100.90,2.98,4.48,3.91,2.56,4.59,3.70,-4.99,4.71e-03,1.02e-05,Moderately soluble,-6.32,2.21e-04,4.80e-07,Poorly soluble,-4.82,7.02e-03,1.52e-05,Moderately soluble,High,No,Yes,No,No,No,No,Yes,-5.93,0,1,0,0,0,0.55,0,0,3,5.72
3548,CCCCCC(=O)OCC(C(C(=O)OCc1ccccc1)CC)Cc1cncn1C,C24H34N2O4,414.54,30,11,0.54,15,5,0,118.00,70.42,3.67,4.75,4.32,2.87,5.19,4.16,-4.68,8.58e-03,2.07e-05,Moderately soluble,-5.96,4.55e-04,1.10e-06,Moderately soluble,-6.71,8.06e-05,1.95e-07,Poorly soluble,High,Yes,No,No,Yes,Yes,Yes,Yes,-5.46,0,0,1,0,0,0.55,0,1,3,4.35
3549,CCCCCC(=O)OCCOCn1cnc2c1nc(N)[nH]c2=O,C14H21N5O4,323.35,23,9,0.57,10,6,2,84.64,125.12,1.95,0.93,0.66,0.25,1.31,1.02,-2.06,2.81e+00,8.71e-03,Soluble,-3.14,2.32e-01,7.18e-04,Soluble,-3.52,9.83e-02,3.04e-04,Soluble,High,No,Yes,No,No,No,No,No,-7.61,0,0,0,0,0,0.55,0,0,1,3.11
3550,CCCCCC(=O)c1ccc(c(c1)[N+](=O)[O-])S(=O)CC,C14H19NO4S,297.37,20,6,0.50,8,4,0,81.90,99.17,2.51,4.36,4.35,1.67,1.21,2.82,-4.12,2.23e-02,7.51e-05,Moderately soluble,-6.16,2.07e-04,6.95e-07,Poorly soluble,-4.53,8.72e-03,2.93e-05,Moderately soluble,High,No,Yes,No,Yes,Yes,Yes,Yes,-5.02,0,0,0,0,0,0.55,0,2,2,3.23
3551,CCCCCC(=O)c1ccncc1,C11H15NO,177.24,13,6,0.45,5,2,0,53.66,29.96,2.19,2.45,2.84,1.37,3.03,2.38,-2.49,5.68e-01,3.21e-03,Soluble,-2.72,3.36e-01,1.89e-03,Soluble,-3.98,1.87e-02,1.05e-04,Soluble,High,Yes,No,Yes,No,No,No,No,-5.64,0,0,0,0,1,0.55,0,0,1,1.53
3552,CCCCCC(c1ccc(c(c1)O)C1CCCC(C1)O)(C)C,C20H32O2,304.47,22,6,0.70,6,2,2,95.01,40.46,3.60,5.97,5.27,3.99,5.02,4.77,-5.29,1.54e-03,5.07e-06,Moderately soluble,-6.60,7.72e-05,2.54e-07,Poorly soluble,-5.27,1.64e-03,5.37e-06,Moderately soluble,High,Yes,No,No,No,No,Yes,No,-3.92,0,0,0,0,1,0.55,0,0,1,3.35
3553,CCCCCC(=O)C,C7H14O,114.19,8,0,0.86,4,1,0,35.96,17.07,2.09,1.98,2.16,1.74,1.86,1.97,-1.53,3.36e+00,2.94e-02,Very soluble,-1.96,1.24e+00,1.09e-02,Very soluble,-2.17,7.81e-01,6.84e-03,Soluble,High,Yes,No,No,No,No,No,No,-5.59,0,2,0,0,2,0.55,0,0,1,1.33
3554,CCCCCC(N)C,C7H17N,115.22,8,0,1.00,4,1,1,38.47,26.02,2.33,2.40,1.91,1.89,1.30,1.97,-1.80,1.82e+00,1.58e-02,Very soluble,-2.59,2.97e-01,2.58e-03,Soluble,-1.91,1.43e+00,1.24e-02,Soluble,High,Yes,No,No,No,No,No,No,-5.30,0,2,0,0,2,0.55,0,0,1,1.58
3555,CCCCCC(Nc1nc(Cl)nc(n1)NCC)C,C12H22ClN5,271.79,18,6,0.75,8,3,2,77.10,62.73,3.52,4.74,2.96,1.88,2.65,3.15,-4.23,1.60e-02,5.89e-05,Moderately soluble,-5.79,4.44e-04,1.63e-06,Moderately soluble,-5.23,1.59e-03,5.83e-06,Moderately soluble,High,Yes,No,Yes,Yes,Yes,No,No,-4.59,0,0,0,0,0,0.55,0,0,2,3.13
3556,CCCCCC(O)C,C7H16O,116.20,8,0,1.00,4,1,1,36.92,20.23,2.29,2.31,1.95,1.89,1.54,1.99,-1.75,2.06e+00,1.77e-02,Very soluble,-2.37,4.92e-01,4.24e-03,Soluble,-1.69,2.36e+00,2.03e-02,Soluble,High,Yes,No,No,No,No,No,No,-5.37,0,2,0,0,2,0.55,0,0,1,1.80
3557,CCCCCC(OC(=O)COc1ccc(c2c1nccc2)Cl)C,C18H22ClNO3,335.83,23,10,0.44,9,4,0,92.99,48.42,3.42,5.03,4.78,3.08,4.96,4.26,-4.82,5.10e-03,1.52e-05,Moderately soluble,-5.79,5.48e-04,1.63e-06,Moderately soluble,-6.56,9.19e-05,2.74e-07,Poorly soluble,High,Yes,No,Yes,Yes,Yes,Yes,Yes,-4.78,0,0,0,0,1,0.55,0,0,2,3.27
3558,CCCCCC(C(=O)O)CCC,C10H20O2,172.26,12,0,0.90,7,2,1,51.96,37.30,2.52,3.20,3.07,2.58,2.46,2.77,-2.46,5.95e-01,3.45e-03,Soluble,-3.66,3.81e-02,2.21e-04,Soluble,-2.50,5.43e-01,3.16e-03,Soluble,High,Yes,No,No,No,No,No,No,-5.08,0,0,0,0,1,0.85,0,0,1,2.12
3559,CCCCCC(c1ccccc1)CCCC,C16H26,218.38,16,6,0.62,8,0,0,74.67,0.00,3.83,6.90,5.54,6.09,5.42,5.56,-5.29,1.12e-03,5.12e-06,Moderately soluble,-6.71,4.25e-05,1.94e-07,Poorly soluble,-6.06,1.90e-04,8.71e-07,Poorly soluble,Low,No,No,No,No,Yes,No,No,-2.73,1,0,0,0,2,0.55,0,0,3,2.11
3560,CCCCCC(c1ccccc1)CCCCC,C17H28,232.40,17,6,0.65,9,0,0,79.48,0.00,3.92,7.45,5.93,6.33,5.83,5.89,-5.64,5.30e-04,2.28e-06,Moderately soluble,-7.28,1.21e-05,5.22e-08,Poorly soluble,-6.46,7.97e-05,3.43e-07,Poorly soluble,Low,No,No,No,No,No,No,No,-2.43,1,1,0,1,2,0.55,0,0,3,1.77
3561,CCCCCC(NC(=O)NN=O)NC(=O)NN=O,C8H16N6O4,260.25,18,0,0.75,12,6,4,62.43,141.12,1.79,0.58,0.85,0.03,-0.92,0.47,-1.03,2.45e+01,9.40e-02,Very soluble,-3.12,1.99e-01,7.65e-04,Soluble,-1.95,2.94e+00,1.13e-02,Soluble,High,No,No,No,No,No,No,No,-7.48,0,0,2,1,0,0.55,0,2,1,2.39
3562,CCCCCC(C(=O)OC)NC(=O)C,C10H19NO3,201.26,14,0,0.80,8,3,1,54.47,55.40,2.40,1.28,1.24,1.15,1.52,1.52,-1.37,8.66e+00,4.30e-02,Very soluble,-2.04,1.82e+00,9.06e-03,Soluble,-2.40,7.94e-01,3.94e-03,Soluble,High,Yes,No,No,No,No,No,No,-6.62,0,0,0,0,0,0.55,0,0,2,2.26
3563,CCCCCC(/C=C/C1C(O)CC(=O)C1C/C=C/CCCC(=O)O)O,C20H32O5,352.47,25,0,0.70,12,5,3,99.49,94.83,3.07,2.82,3.25,1.89,3.92,2.99,-3.01,3.45e-01,9.77e-04,Soluble,-4.47,1.20e-02,3.40e-05,Moderately soluble,-2.50,1.11e+00,3.15e-03,Soluble,High,No,Yes,No,No,No,Yes,No,-6.45,0,0,1,0,0,0.56,0,1,2,4.90
3564,CCCCCC(/C=C/C1C(O)CC(=O)C1CCCCCCC(=O)O)O,C20H34O5,354.48,25,0,0.80,13,5,3,99.96,94.83,3.21,3.20,3.48,1.98,4.10,3.19,-3.20,2.26e-01,6.37e-04,Soluble,-4.86,4.86e-03,1.37e-05,Moderately soluble,-3.22,2.14e-01,6.03e-04,Soluble,High,No,Yes,No,No,No,Yes,No,-6.19,0,0,1,0,0,0.56,0,1,2,4.91
3565,CCCCCC(/C=C/C1C(O)CC(C1C/C=C/CCCC(=O)O)O)O,C20H34O5,354.48,25,0,0.75,12,5,4,100.45,97.99,3.38,2.72,3.04,1.98,3.33,2.89,-2.96,3.89e-01,1.10e-03,Soluble,-4.43,1.31e-02,3.70e-05,Moderately soluble,-1.81,5.54e+00,1.56e-02,Soluble,High,No,Yes,No,No,No,No,No,-6.53,0,0,1,0,0,0.56,0,1,2,5.04
3566,CCCCCC(/C=C/C1C(O)CC(C1C/C=C/CCCC(=O)OC)O)O,C21H36O5,368.51,26,0,0.76,13,5,3,104.77,86.99,4.23,3.05,3.13,2.20,3.90,3.30,-3.19,2.39e-01,6.48e-04,Soluble,-4.54,1.06e-02,2.86e-05,Moderately soluble,-2.50,1.17e+00,3.17e-03,Soluble,High,No,Yes,No,No,No,Yes,No,-6.38,0,0,1,0,0,0.55,0,1,2,5.07
3567,CCCCCC(/C=C/C1C(O)CC(C1C/C=C/CCCC(=O)OCc1ccccc1)O)O,C27H40O5,444.60,32,6,0.59,15,5,3,129.26,86.99,3.63,4.54,4.55,3.20,5.53,4.29,-4.61,1.10e-02,2.48e-05,Moderately soluble,-6.09,3.62e-04,8.14e-07,Poorly soluble,-4.97,4.81e-03,1.08e-05,Moderately soluble,High,No,Yes,No,No,No,No,Yes,-5.79,0,1,1,0,0,0.55,0,1,3,5.21
3568,CCCCCC(c1ccc(c(c1)O)O)O,C12H18O3,210.27,15,6,0.50,5,3,3,60.65,60.69,2.30,2.32,2.39,1.79,2.32,2.22,-2.57,5.64e-01,2.68e-03,Soluble,-3.23,1.23e-01,5.85e-04,Soluble,-2.73,3.88e-01,1.85e-03,Soluble,High,Yes,No,No,No,No,No,No,-5.94,0,0,0,0,0,0.55,1,1,1,2.23
3569,C/C(=N\NC(=N)N)/CCCCCC,C9H20N4,184.28,13,0,0.78,7,2,3,58.16,74.26,2.05,2.08,1.82,1.66,1.32,1.78,-1.83,2.72e+00,1.48e-02,Very soluble,-3.27,9.92e-02,5.38e-04,Soluble,-2.56,5.10e-01,2.77e-03,Soluble,High,Yes,No,No,No,No,No,No,-5.95,0,0,0,0,1,0.55,0,2,1,3.81
3570,CCCCCC/C=C/C=C/CCCCCCCC(=O)O,C18H32O2,280.45,20,0,0.72,14,2,1,89.46,37.30,4.16,7.05,5.88,4.47,5.77,5.47,-5.10,2.25e-03,8.01e-06,Moderately soluble,-7.65,6.27e-06,2.24e-08,Poorly soluble,-4.67,5.93e-03,2.11e-05,Moderately soluble,High,Yes,No,Yes,No,Yes,No,No,-3.01,1,1,1,1,1,0.85,0,1,2,3.35
3571,CCCCCC1(CC)C(=O)NC(=O)N(C1=O)C,C12H20N2O3,240.30,17,0,0.75,5,3,1,71.94,66.48,2.36,2.45,0.91,1.21,1.82,1.75,-2.54,6.88e-01,2.86e-03,Soluble,-3.49,7.78e-02,3.24e-04,Soluble,-3.23,1.43e-01,5.96e-04,Soluble,High,No,No,No,No,No,No,No,-6.03,0,0,0,0,0,0.55,0,1,1,2.69
3572,CCCCCC1(CC)C(=O)NC(=O)NC1=O,C11H18N2O3,226.27,16,0,0.73,5,3,2,67.04,75.27,1.69,2.24,0.57,0.93,1.88,1.46,-2.32,1.07e+00,4.74e-03,Soluble,-3.46,7.91e-02,3.50e-04,Soluble,-3.55,6.32e-02,2.79e-04,Soluble,High,No,No,No,No,No,No,No,-6.09,0,0,0,0,0,0.55,0,1,1,2.13
3573,CCCCCC1(OCCO1)c1ccc(c(c1)[N+](=O)[O-])S(=O)CC,C16H23NO5S,341.42,23,6,0.62,8,5,0,91.03,100.56,3.22,5.11,4.26,1.73,1.55,3.17,-4.84,4.92e-03,1.44e-05,Moderately soluble,-6.97,3.70e-05,1.08e-07,Poorly soluble,-4.86,4.72e-03,1.38e-05,Moderately soluble,High,No,No,Yes,Yes,Yes,Yes,Yes,-4.75,0,0,0,0,1,0.55,0,2,2,3.64
3574,CCCCCC1(CCC(=O)NC1=O)c1ccncc1,C15H20N2O2,260.33,19,6,0.53,5,3,1,77.35,59.06,2.01,2.26,1.96,1.85,3.41,2.29,-2.78,4.31e-01,1.65e-03,Soluble,-3.14,1.90e-01,7.30e-04,Soluble,-5.24,1.50e-03,5.75e-06,Moderately soluble,High,Yes,No,No,Yes,No,No,No,-6.28,0,0,0,0,0,0.55,0,1,0,2.52
3575,CCCCCC1=Nc2cc(Cl)c(cc2S(=O)(=O)N1)S(=O)(=O)N,C12H16ClN3O4S2,365.86,22,6,0.42,5,6,2,91.91,135.45,1.29,2.01,3.29,0.94,1.49,1.80,-3.25,2.07e-01,5.67e-04,Soluble,-4.48,1.21e-02,3.30e-05,Moderately soluble,-4.82,5.56e-03,1.52e-05,Moderately soluble,Low,No,No,Yes,No,No,No,No,-7.10,0,0,0,1,0,0.55,0,0,1,3.58
3576,CCCCCC1CN(C(C1)C(=O)NC(C1OC(SC)C(C(C1O)O)O)C(O)C)C,C20H38N2O6S,434.59,29,0,0.95,10,7,5,117.16,147.79,3.17,0.93,-0.46,-0.62,0.34,0.67,-2.46,1.51e+00,3.46e-03,Soluble,-3.62,1.04e-01,2.40e-04,Soluble,-0.81,6.76e+01,1.56e-01,Soluble,Low,No,Yes,No,No,No,No,No,-8.29,0,1,1,1,0,0.55,0,0,2,5.78
3577,CCCCCC1CNC(C1)C(=O)NC(C1OC(SC)C(C(C1O)O)O)C(Cl)C,C19H35ClN2O5S,439.01,28,0,0.95,10,6,5,115.89,136.35,2.48,2.74,0.45,0.16,1.49,1.46,-3.63,1.03e-01,2.35e-04,Soluble,-5.26,2.42e-03,5.52e-06,Moderately soluble,-2.32,2.09e+00,4.76e-03,Soluble,High,No,Yes,No,No,No,No,No,-7.03,0,0,0,1,0,0.55,0,1,2,5.70
3578,CCCCCC1Nc2cc(c(cc2S(=O)(=O)N1)S(=O)(=O)N)C(F)(F)F,C13H18F3N3O4S2,401.42,25,6,0.54,6,9,3,91.60,135.12,1.26,2.66,4.32,1.00,0.89,2.03,-3.79,6.57e-02,1.64e-04,Soluble,-5.15,2.85e-03,7.10e-06,Moderately soluble,-4.85,5.70e-03,1.42e-05,Moderately soluble,Low,No,No,No,Yes,No,No,Yes,-6.86,0,0,0,1,0,0.55,0,0,1,3.90
3579,CCCCCC=O,C6H12O,100.16,7,0,0.83,4,1,0,31.16,17.07,1.77,1.78,1.77,1.39,1.58,1.66,-1.32,4.81e+00,4.80e-02,Very soluble,-1.76,1.75e+00,1.75e-02,Very soluble,-1.76,1.76e+00,1.75e-02,Soluble,High,Yes,No,No,No,No,No,No,-5.65,0,3,0,0,2,0.55,0,1,1,1.06
3580,CCCCCCBr,C6H13Br,165.07,7,0,1.00,4,0,0,38.83,0.00,2.59,3.80,2.96,3.13,2.44,2.98,-2.99,1.68e-01,1.02e-03,Soluble,-3.49,5.29e-02,3.20e-04,Soluble,-3.13,1.21e-01,7.35e-04,Soluble,Low,Yes,No,No,No,No,No,No,-4.61,0,1,0,0,2,0.55,0,1,2,3.16
3581,CCCCCCC,C7H16,100.20,7,0,1.00,4,0,0,35.76,0.00,2.65,4.66,2.98,3.87,2.22,3.28,-3.13,7.38e-02,7.36e-04,Soluble,-4.39,4.11e-03,4.10e-05,Moderately soluble,-2.60,2.52e-01,2.52e-03,Soluble,Low,Yes,No,No,No,No,No,No,-3.60,0,2,0,0,2,0.55,0,0,2,1.33
3582,CCCCCCC(=O)N(c1ccc(cc1)S(=O)(=O)N(C)C)C,C16H26N2O3S,326.45,22,6,0.56,9,4,0,90.49,66.07,3.47,2.61,3.95,2.11,1.79,2.79,-3.12,2.50e-01,7.65e-04,Soluble,-3.65,7.36e-02,2.25e-04,Soluble,-4.49,1.05e-02,3.22e-05,Moderately soluble,High,Yes,No,No,Yes,Yes,Yes,Yes,-6.44,0,0,0,0,0,0.55,0,0,1,2.46
3583,CCCCCCC(=O)N1CCCC1=O,C11H19NO2,197.27,14,0,0.82,6,2,0,60.09,37.38,2.63,3.04,1.73,1.90,2.38,2.33,-2.58,5.16e-01,2.62e-03,Soluble,-3.49,6.37e-02,3.23e-04,Soluble,-2.58,5.21e-01,2.64e-03,Soluble,High,Yes,No,No,No,No,No,No,-5.34,0,0,0,0,1,0.55,0,0,1,1.59
3584,CCCCCCC(=O)NN,C7H16N2O,144.21,10,0,0.86,6,2,2,41.47,55.12,1.71,0.97,0.95,1.15,0.42,1.04,-0.95,1.62e+01,1.12e-01,Very soluble,-1.72,2.78e+00,1.93e-02,Very soluble,-1.91,1.78e+00,1.23e-02,Soluble,High,Yes,No,No,No,No,No,No,-6.49,0,1,0,0,1,0.55,0,2,1,1.60
3585,CCCCCCC(=O)O,C7H14O2,130.18,9,0,0.86,5,2,1,37.53,37.30,1.79,2.42,2.04,1.63,1.35,1.85,-1.84,1.87e+00,1.44e-02,Very soluble,-2.85,1.86e-01,1.43e-03,Soluble,-1.63,3.07e+00,2.36e-02,Soluble,High,Yes,No,No,No,No,No,No,-5.38,0,2,0,0,1,0.85,0,0,1,1.37
3586,CCCCCCC(=O)OC(c1ccccc1)C(=O)NC1C(=O)N2C1SCC(=C2C(=O)O)C,C23H28N2O6S,460.54,32,6,0.48,12,6,2,124.28,138.31,2.71,3.23,2.29,2.21,2.88,2.67,-4.08,3.86e-02,8.37e-05,Moderately soluble,-5.81,7.17e-04,1.56e-06,Moderately soluble,-4.68,9.69e-03,2.10e-05,Moderately soluble,High,No,Yes,No,No,Yes,No,Yes,-6.82,0,0,1,1,0,0.56,0,0,2,5.08
3587,CCCCCCC(=O)Oc1ccc2c3c1OC1C43CCN(C(C2)C4C=CC1OS(=O)(=O)O)C,C24H31NO7S,477.57,33,6,0.62,9,8,1,126.24,110.75,3.72,0.79,3.90,2.67,2.14,2.64,-2.84,6.92e-01,1.45e-03,Soluble,-2.70,9.60e-01,2.01e-03,Soluble,-4.26,2.63e-02,5.51e-05,Moderately soluble,High,No,Yes,No,No,No,Yes,Yes,-8.65,0,0,0,0,0,0.55,0,3,2,5.86
3588,CCCCCCC(c1cc(O)c2c(c1)OC(C1C2CC(=CC1)C)(C)C)(C)C,C25H38O2,370.57,27,6,0.68,6,2,1,117.02,29.46,4.69,9.96,7.25,5.25,6.69,6.77,-8.18,2.44e-06,6.60e-09,Poorly soluble,-10.51,1.16e-08,3.12e-11,Insoluble,-7.12,2.80e-05,7.55e-08,Poorly soluble,Low,No,Yes,No,No,No,No,No,-1.49,1,1,0,1,1,0.55,0,1,2,4.67
3589,CCCCCCC(c1cc(O)c2c(c1)OC(C1C2CC(=CC1)CO)(C)C)(C)C,C25H38O3,386.57,28,6,0.68,7,3,2,118.18,49.69,4.48,7.44,6.22,4.37,6.09,5.72,-6.62,9.26e-05,2.40e-07,Poorly soluble,-8.32,1.87e-06,4.84e-09,Poorly soluble,-6.55,1.08e-04,2.81e-07,Poorly soluble,High,No,No,No,No,No,Yes,No,-3.38,1,1,0,1,1,0.55,0,1,2,4.74
3590,CCCCCCC(c1cc(O)c2c(c1)OC(C1C2C=C(C=O)CC1)(C)C)(C)C,C25H36O3,384.55,28,6,0.64,7,3,1,117.22,46.53,4.14,8.03,6.43,4.28,6.39,5.86,-6.98,4.03e-05,1.05e-07,Poorly soluble,-8.86,5.30e-07,1.38e-09,Poorly soluble,-6.67,8.18e-05,2.13e-07,Poorly soluble,High,No,Yes,No,No,Yes,Yes,Yes,-2.94,1,1,0,1,1,0.55,0,1,2,4.66
3591,CCCCCCC(c1cc(O)c2c(c1)OC(C1C2C=C(CO)CC1)(C)C)(C)C,C25H38O3,386.57,28,6,0.68,7,3,2,118.18,49.69,4.46,7.83,6.22,4.37,6.09,5.79,-6.87,5.26e-05,1.36e-07,Poorly soluble,-8.72,7.37e-07,1.91e-09,Poorly soluble,-6.55,1.08e-04,2.81e-07,Poorly soluble,High,No,No,No,No,No,Yes,No,-3.10,1,1,0,1,1,0.55,0,1,2,4.82
3592,CCCCCCC(c1ccc(c(c1)O)C1CC(O)CC2C1CC(O)CC2)(C)C,C25H40O3,388.58,28,6,0.76,7,3,3,118.09,60.69,3.77,6.13,5.66,4.19,5.15,4.98,-5.81,6.05e-04,1.56e-06,Moderately soluble,-7.19,2.53e-05,6.50e-08,Poorly soluble,-5.46,1.34e-03,3.46e-06,Moderately soluble,High,No,No,No,No,No,Yes,No,-4.32,1,1,0,0,1,0.55,0,0,2,4.34
3593,CCCCCCC(c1ccc(c(c1)O)C1CC(O)CCC1C)(C)C,C22H36O2,332.52,24,6,0.73,7,2,2,104.63,40.46,4.03,7.49,5.90,4.44,5.54,5.48,-6.34,1.51e-04,4.54e-07,Poorly soluble,-8.17,2.23e-06,6.71e-09,Poorly soluble,-5.82,5.08e-04,1.53e-06,Moderately soluble,High,Yes,No,No,No,No,Yes,No,-3.01,1,1,0,1,1,0.55,0,0,1,3.76
3594,CCCCCCC(c1ccc(c(c1)O)C1CC(O)CCC1CCCCO)(C)C,C25H42O3,390.60,28,6,0.76,11,3,3,120.21,60.69,4.10,6.68,6.05,4.19,6.17,5.44,-5.90,4.89e-04,1.25e-06,Moderately soluble,-7.76,6.83e-06,1.75e-08,Poorly soluble,-6.43,1.45e-04,3.71e-07,Poorly soluble,High,No,No,No,No,No,Yes,No,-3.94,1,1,1,1,1,0.55,0,0,3,4.16
3595,CCCCCCC(c1ccc(c(c1)O)C1CC(O)CCC1CCCO)(C)C,C24H40O3,376.57,27,6,0.75,10,3,3,115.40,60.69,4.14,6.13,5.66,3.98,5.76,5.13,-5.54,1.08e-03,2.88e-06,Moderately soluble,-7.19,2.45e-05,6.50e-08,Poorly soluble,-6.04,3.46e-04,9.18e-07,Poorly soluble,High,No,No,No,No,No,Yes,No,-4.24,0,1,0,0,1,0.55,0,0,3,4.04
3596,CCCCCCC(c1ccc(c(c1)O)C1CCCC(C1)O)(C)C,C21H34O2,318.49,23,6,0.71,7,2,2,99.82,40.46,3.90,6.68,5.66,4.22,5.42,5.18,-5.75,5.61e-04,1.76e-06,Moderately soluble,-7.33,1.48e-05,4.65e-08,Poorly soluble,-5.67,6.86e-04,2.15e-06,Moderately soluble,High,Yes,No,No,No,No,Yes,No,-3.50,1,1,0,0,1,0.55,0,0,1,3.46
3597,CCCCCCC(=O)C,C8H16O,128.21,9,0,0.88,5,1,0,40.77,17.07,2.36,2.37,2.55,2.07,2.29,2.33,-1.80,2.04e+00,1.59e-02,Very soluble,-2.37,5.48e-01,4.28e-03,Soluble,-2.59,3.32e-01,2.59e-03,Soluble,High,Yes,No,No,No,No,No,No,-5.40,0,1,0,0,2,0.55,0,0,1,1.43
3598,CCCCCCC(O)C,C8H18O,130.23,9,0,1.00,5,1,1,41.73,20.23,2.53,2.90,2.34,2.22,1.97,2.39,-2.14,9.34e-01,7.17e-03,Soluble,-2.99,1.35e-01,1.03e-03,Soluble,-2.12,9.99e-01,7.67e-03,Soluble,High,Yes,No,No,No,No,No,No,-5.04,0,1,0,0,2,0.55,0,0,1,1.90
3599,CCCCCCC(OC(=O)COc1nc(F)c(c(c1Cl)N)Cl)C,C15H21Cl2FN2O3,367.24,23,6,0.60,10,5,1,89.66,74.44,3.82,4.53,4.82,3.06,4.65,4.18,-4.50,1.15e-02,3.13e-05,Moderately soluble,-5.82,5.62e-04,1.53e-06,Moderately soluble,-5.81,5.73e-04,1.56e-06,Moderately soluble,High,No,No,Yes,Yes,Yes,No,No,-5.32,0,0,0,0,0,0.55,0,1,3,3.74
